<?xml version="1.0" encoding="UTF-8"?>
<urn:PluginConfiguration isInheritExtendedContractAttributes="false" name="SM" xmlns:urn="urn:sourceid.org:saml2:adapter:conf">
    <urn:Fields>
        <urn:Field name="Minutes Before">5</urn:Field>
        <urn:Field name="Minutes After">5</urn:Field>
        <urn:Field name="Issuer">pingfed</urn:Field>
        <urn:Field name="Signing Certificate">jc3fjkiryvwjgiuyofmghfq8t</urn:Field>
        <urn:Field name="Signing Algorithm">SHA1</urn:Field>
        <urn:Field name="Include Certificate in KeyInfo">false</urn:Field>
        <urn:Field name="Include Raw Key in KeyValue">false</urn:Field>
        <urn:Field name="Audience">https://cmuir.com</urn:Field>
        <urn:Field name="Confirmation Method">urn:oasis:names:tc:SAML:2.0:cm:sender-vouches</urn:Field>
        <urn:Field name="Encryption Certificate"/>
    </urn:Fields>
    <urn:AdvancedFields/>
    <urn:Tables/>
    <urn:ExtendedContractAttributes/>
</urn:PluginConfiguration>