<?xml version="1.0" encoding="UTF-8"?>
<urn:PluginConfiguration isInheritExtendedContractAttributes="false" name="Migrated SMTP Settings" xmlns:urn="urn:sourceid.org:saml2:adapter:conf">
    <urn:Fields>
        <urn:Field name="From Address">no-reply@anycompany.org</urn:Field>
        <urn:Field name="Email Server">smtp.mailtrap.io</urn:Field>
        <urn:Field name="SMTP Port">25</urn:Field>
        <urn:Field name="Encryption Method">NONE</urn:Field>
        <urn:Field name="SMTPS Port">465</urn:Field>
        <urn:Field name="Verify Hostname">false</urn:Field>
        <urn:Field name="Username">f2ec3ab79e5d42</urn:Field>
        <urn:Field name="Password">eyJhbGciOiJkaXIiLCJlbmMiOiJBMTI4Q0JDLUhTMjU2Iiwia2lkIjoiNDFPUlBRSUJrYSIsInZlcnNpb24iOiI5LjMuMC45In0..mNQlDn8Jpip6nrU6LFW9yw.UFCdXb728bWNnZj4sT2Q3Q.36iug4ctBQUYx3puy00z0A</urn:Field>
    </urn:Fields>
    <urn:AdvancedFields>
        <urn:Field name="Connection Timeout">30</urn:Field>
        <urn:Field name="Retry Attempt">2</urn:Field>
        <urn:Field name="Retry Delay">2</urn:Field>
        <urn:Field name="Enable SMTP Debugging Messages">false</urn:Field>
    </urn:AdvancedFields>
    <urn:Tables/>
</urn:PluginConfiguration>