<saasProvisioner version="1.0" enableSaasProvisionerGUI="true" internalDataSourceId="ProvisionerDS" syncInterval="86400" encryptDBSaasIdentities="true" xmlns="http://pingidentity.com/2008/06/saas-provisioner">
  <saasProvisionerEntity>
    <entityId>https://saml2.salesforce.com</entityId>
    <target id="Salesforce">
      <parameter name="CLIENT_ID" value="3MVG9szVa2RxsqBZKTrozaea98yvNtKM6Qvo5yfxLm7pmiV4nsfLgDxEhJHUVA9n0ooe_d8lbuZkxP8Q7Dr9x"/>
      <parameter name="CLIENT_SECRET" value="OBF:JWE:eyJhbGciOiJkaXIiLCJlbmMiOiJBMTI4Q0JDLUhTMjU2Iiwia2lkIjoiNDFPUlBRSUJrYSIsInZlcnNpb24iOiI5LjIuMC4xMCJ9..MkMnMMqWNl3_k_Spgf5xGA.4C35a78xsHQSPtjUggra2KijliT3Ylb7I9IqubWrOZg.KgW924WgjFlstLABymDuSw"/>
      <parameter name="OAUTH_ACCESS_TOKEN" value="OBF:JWE:eyJhbGciOiJkaXIiLCJlbmMiOiJBMTI4Q0JDLUhTMjU2Iiwia2lkIjoiNDFPUlBRSUJrYSIsInZlcnNpb24iOiI5LjIuMC4xMCJ9..kQljRCsQ5w5NNU9KQ5ZqPQ.vngYIf-d5Ij7f5n_uvteF1wYJtW62MDkgWv8XO76PfOabb9ETIstEpwOOj3Skks1L3kApLo_HBBZ_WbTbd7cV-eAJwql4jMBC9q_rTgNuqTuObce-QATtwgDKf20MKgZp7T2-mbERopQbtnB-OY_51f_yF8dFr7zS8AXx2zmdww.l5qSxDJQbT9RmzxFn4bFZg"/>
      <parameter name="OAUTH_REFRESH_TOKEN" value="OBF:JWE:eyJhbGciOiJkaXIiLCJlbmMiOiJBMTI4Q0JDLUhTMjU2Iiwia2lkIjoiNDFPUlBRSUJrYSIsInZlcnNpb24iOiI5LjIuMC4xMCJ9..FQ-TJIsqhzSP8U-jUlo_Ew.Cqm2trpBulhqVvJX6TLpMksYNQ9vp4HZeoSNu64hfqtrMmo5RfImWn4ifoPRVGUS4sPDwI-Z7I5kVTCSNRMGVqxpveYxmgLrc1xaLM6-btGMnnY31qvFSmej1FynS0GO.pE3IUkqT3fvzdZJhr_C83A"/>
      <parameter name="SUBDOMAIN" value="subcmuir-sf-dev-ed"/>
      <parameter name="CREATE_NEW_USERS" value="true"/>
      <parameter name="UPDATE_NEW_USERS" value="true"/>
      <parameter name="FREEZE_USER_FLAG" value="true"/>
    </target>
    <channel id="2" name="01" active="false">
      <maxThreads>1</maxThreads>
      <timeout>60</timeout>
      <source dataSourceId="LDAP-B0E3F2144BE069C5B28730A2F096BC3E67DAB16A">
        <ldapGuidFormatter guidAttributeName="entryUUID" guidIsBinary="false"/>
        <usersBaseDN>ou=people,dc=anycompany.dc=org</usersBaseDN>
        <groupDN>ou=people,dc=anycompany.dc=org</groupDN>
        <memberOfGroupAttributeName/>
        <groupMemberAttributeName>uniqueMember</groupMemberAttributeName>
        <changedUsersAlgorithm>Timestamp No Negation</changedUsersAlgorithm>
        <timestampAttributeName>modifyTimestamp</timestampAttributeName>
        <userObjectClass>person</userObjectClass>
        <groupObjectClass>groupOfUniqueNames</groupObjectClass>
        <directoryIdentityAttributesMapper statusReader="Flag">
          <attributeName>nsaccountlock</attributeName>
          <default>true</default>
          <comparisonValue>true</comparisonValue>
          <comparisonValueStatus>false</comparisonValueStatus>
        </directoryIdentityAttributesMapper>
        <userNestedSearch>false</userNestedSearch>
        <groupNestedSearch>false</groupNestedSearch>
      </source>
      <saasUsernameFieldCode>Username</saasUsernameFieldCode>
      <identityMappingField fieldName="Username">
        <fieldInfo code="Username" label="Username">
          <required>true</required>
          <unique>true</unique>
          <attributeGroup>false</attributeGroup>
        </fieldInfo>
        <fieldConfig>
          <attributes>mail</attributes>
        </fieldConfig>
      </identityMappingField>
      <identityMappingField fieldName="CommunityNickname">
        <fieldInfo code="CommunityNickname" label="Community Nickname">
          <unique>true</unique>
          <attributeGroup>false</attributeGroup>
        </fieldInfo>
        <fieldConfig/>
      </identityMappingField>
      <identityMappingField fieldName="Alias">
        <fieldInfo code="Alias" label="Alias">
          <required>true</required>
          <attributeGroup>false</attributeGroup>
        </fieldInfo>
        <fieldConfig>
          <attributes>givenName</attributes>
        </fieldConfig>
      </identityMappingField>
      <identityMappingField fieldName="Email">
        <fieldInfo code="Email" label="Email">
          <required>true</required>
          <attributeGroup>false</attributeGroup>
        </fieldInfo>
        <fieldConfig>
          <attributes>mail</attributes>
        </fieldConfig>
      </identityMappingField>
      <identityMappingField fieldName="EmailEncodingKey">
        <fieldInfo code="EmailEncodingKey" label="Email Encoding Key">
          <required>true</required>
          <option code="UTF-8" label="UTF-8"/>
          <option code="ISO-8859-1" label="ISO-8859-1"/>
          <option code="Shift_JIS" label="Shift_JIS"/>
          <option code="ISO-2022-JP" label="ISO-2022-JP"/>
          <option code="EUC-JP" label="EUC-JP"/>
          <option code="ks_c_5601-1987" label="ks_c_5601-1987"/>
          <option code="Big5" label="Big5"/>
          <option code="GB2312" label="GB2312"/>
          <option code="Big5-HKSCS" label="Big5-HKSCS"/>
          <option code="x-SJIS_0213" label="x-SJIS_0213"/>
          <attributeGroup>false</attributeGroup>
        </fieldInfo>
        <fieldConfig>
          <default>UTF-8</default>
        </fieldConfig>
      </identityMappingField>
      <identityMappingField fieldName="LanguageLocaleKey">
        <fieldInfo code="LanguageLocaleKey" label="Language Locale Key">
          <required>true</required>
          <option code="en_US" label="en_US"/>
          <option code="de" label="de"/>
          <option code="es" label="es"/>
          <option code="fr" label="fr"/>
          <option code="it" label="it"/>
          <option code="ja" label="ja"/>
          <option code="sv" label="sv"/>
          <option code="ko" label="ko"/>
          <option code="zh_TW" label="zh_TW"/>
          <option code="zh_CN" label="zh_CN"/>
          <option code="pt_BR" label="pt_BR"/>
          <option code="nl_NL" label="nl_NL"/>
          <option code="da" label="da"/>
          <option code="th" label="th"/>
          <option code="fi" label="fi"/>
          <option code="ru" label="ru"/>
          <option code="es_MX" label="es_MX"/>
          <option code="no" label="no"/>
          <attributeGroup>false</attributeGroup>
        </fieldInfo>
        <fieldConfig>
          <default>en_US</default>
        </fieldConfig>
      </identityMappingField>
      <identityMappingField fieldName="LastName">
        <fieldInfo code="LastName" label="Last Name">
          <required>true</required>
          <attributeGroup>false</attributeGroup>
        </fieldInfo>
        <fieldConfig>
          <attributes>sn</attributes>
        </fieldConfig>
      </identityMappingField>
      <identityMappingField fieldName="LocaleSidKey">
        <fieldInfo code="LocaleSidKey" label="Locale Sid Key">
          <required>true</required>
          <option code="sq_AL" label="sq_AL"/>
          <option code="ar_DZ" label="ar_DZ"/>
          <option code="ar_BH" label="ar_BH"/>
          <option code="ar_EG" label="ar_EG"/>
          <option code="ar_IQ" label="ar_IQ"/>
          <option code="ar_JO" label="ar_JO"/>
          <option code="ar_KW" label="ar_KW"/>
          <option code="ar_LB" label="ar_LB"/>
          <option code="ar_LY" label="ar_LY"/>
          <option code="ar_MA" label="ar_MA"/>
          <option code="ar_OM" label="ar_OM"/>
          <option code="ar_QA" label="ar_QA"/>
          <option code="ar_SA" label="ar_SA"/>
          <option code="ar_SD" label="ar_SD"/>
          <option code="ar_SY" label="ar_SY"/>
          <option code="ar_TN" label="ar_TN"/>
          <option code="ar_AE" label="ar_AE"/>
          <option code="ar_YE" label="ar_YE"/>
          <option code="hy_AM" label="hy_AM"/>
          <option code="az_AZ" label="az_AZ"/>
          <option code="eu_ES" label="eu_ES"/>
          <option code="be_BY" label="be_BY"/>
          <option code="bn_BD" label="bn_BD"/>
          <option code="bs_BA" label="bs_BA"/>
          <option code="bg_BG" label="bg_BG"/>
          <option code="my_MM" label="my_MM"/>
          <option code="ca_ES" label="ca_ES"/>
          <option code="zh_CN_PINYIN" label="zh_CN_PINYIN"/>
          <option code="zh_CN_STROKE" label="zh_CN_STROKE"/>
          <option code="zh_CN" label="zh_CN"/>
          <option code="zh_HK_STROKE" label="zh_HK_STROKE"/>
          <option code="zh_HK" label="zh_HK"/>
          <option code="zh_MO" label="zh_MO"/>
          <option code="zh_SG" label="zh_SG"/>
          <option code="zh_TW_STROKE" label="zh_TW_STROKE"/>
          <option code="zh_TW" label="zh_TW"/>
          <option code="hr_HR" label="hr_HR"/>
          <option code="cs_CZ" label="cs_CZ"/>
          <option code="da_DK" label="da_DK"/>
          <option code="nl_AW" label="nl_AW"/>
          <option code="nl_BE" label="nl_BE"/>
          <option code="nl_NL" label="nl_NL"/>
          <option code="nl_SR" label="nl_SR"/>
          <option code="dz_BT" label="dz_BT"/>
          <option code="en_AG" label="en_AG"/>
          <option code="en_AU" label="en_AU"/>
          <option code="en_BS" label="en_BS"/>
          <option code="en_BB" label="en_BB"/>
          <option code="en_BZ" label="en_BZ"/>
          <option code="en_BM" label="en_BM"/>
          <option code="en_BW" label="en_BW"/>
          <option code="en_CM" label="en_CM"/>
          <option code="en_CA" label="en_CA"/>
          <option code="en_KY" label="en_KY"/>
          <option code="en_ER" label="en_ER"/>
          <option code="en_FK" label="en_FK"/>
          <option code="en_FJ" label="en_FJ"/>
          <option code="en_GM" label="en_GM"/>
          <option code="en_GH" label="en_GH"/>
          <option code="en_GI" label="en_GI"/>
          <option code="en_GY" label="en_GY"/>
          <option code="en_HK" label="en_HK"/>
          <option code="en_IN" label="en_IN"/>
          <option code="en_ID" label="en_ID"/>
          <option code="en_IE" label="en_IE"/>
          <option code="en_JM" label="en_JM"/>
          <option code="en_KE" label="en_KE"/>
          <option code="en_LR" label="en_LR"/>
          <option code="en_MG" label="en_MG"/>
          <option code="en_MW" label="en_MW"/>
          <option code="en_MY" label="en_MY"/>
          <option code="en_MU" label="en_MU"/>
          <option code="en_NA" label="en_NA"/>
          <option code="en_NZ" label="en_NZ"/>
          <option code="en_NG" label="en_NG"/>
          <option code="en_PK" label="en_PK"/>
          <option code="en_PG" label="en_PG"/>
          <option code="en_PH" label="en_PH"/>
          <option code="en_RW" label="en_RW"/>
          <option code="en_WS" label="en_WS"/>
          <option code="en_SC" label="en_SC"/>
          <option code="en_SL" label="en_SL"/>
          <option code="en_SG" label="en_SG"/>
          <option code="en_SX" label="en_SX"/>
          <option code="en_SB" label="en_SB"/>
          <option code="en_ZA" label="en_ZA"/>
          <option code="en_SH" label="en_SH"/>
          <option code="en_SZ" label="en_SZ"/>
          <option code="en_TZ" label="en_TZ"/>
          <option code="en_TO" label="en_TO"/>
          <option code="en_TT" label="en_TT"/>
          <option code="en_UG" label="en_UG"/>
          <option code="en_GB" label="en_GB"/>
          <option code="en_US" label="en_US"/>
          <option code="en_VU" label="en_VU"/>
          <option code="et_EE" label="et_EE"/>
          <option code="fi_FI" label="fi_FI"/>
          <option code="fr_BE" label="fr_BE"/>
          <option code="fr_CA" label="fr_CA"/>
          <option code="fr_KM" label="fr_KM"/>
          <option code="fr_FR" label="fr_FR"/>
          <option code="fr_GN" label="fr_GN"/>
          <option code="fr_HT" label="fr_HT"/>
          <option code="fr_LU" label="fr_LU"/>
          <option code="fr_MR" label="fr_MR"/>
          <option code="fr_MC" label="fr_MC"/>
          <option code="fr_CH" label="fr_CH"/>
          <option code="fr_WF" label="fr_WF"/>
          <option code="ka_GE" label="ka_GE"/>
          <option code="de_AT" label="de_AT"/>
          <option code="de_DE" label="de_DE"/>
          <option code="de_LU" label="de_LU"/>
          <option code="de_CH" label="de_CH"/>
          <option code="el_GR" label="el_GR"/>
          <option code="iw_IL" label="iw_IL"/>
          <option code="hi_IN" label="hi_IN"/>
          <option code="hu_HU" label="hu_HU"/>
          <option code="is_IS" label="is_IS"/>
          <option code="in_ID" label="in_ID"/>
          <option code="ga_IE" label="ga_IE"/>
          <option code="it_IT" label="it_IT"/>
          <option code="it_CH" label="it_CH"/>
          <option code="ja_JP" label="ja_JP"/>
          <option code="kk_KZ" label="kk_KZ"/>
          <option code="km_KH" label="km_KH"/>
          <option code="ko_KP" label="ko_KP"/>
          <option code="ko_KR" label="ko_KR"/>
          <option code="ky_KG" label="ky_KG"/>
          <option code="lo_LA" label="lo_LA"/>
          <option code="lv_LV" label="lv_LV"/>
          <option code="lt_LT" label="lt_LT"/>
          <option code="lu_CD" label="lu_CD"/>
          <option code="lb_LU" label="lb_LU"/>
          <option code="mk_MK" label="mk_MK"/>
          <option code="ms_BN" label="ms_BN"/>
          <option code="ms_MY" label="ms_MY"/>
          <option code="mt_MT" label="mt_MT"/>
          <option code="sh_ME" label="sh_ME"/>
          <option code="ne_NP" label="ne_NP"/>
          <option code="no_NO" label="no_NO"/>
          <option code="ps_AF" label="ps_AF"/>
          <option code="fa_IR" label="fa_IR"/>
          <option code="pl_PL" label="pl_PL"/>
          <option code="pt_AO" label="pt_AO"/>
          <option code="pt_BR" label="pt_BR"/>
          <option code="pt_CV" label="pt_CV"/>
          <option code="pt_MZ" label="pt_MZ"/>
          <option code="pt_PT" label="pt_PT"/>
          <option code="pt_ST" label="pt_ST"/>
          <option code="ro_MD" label="ro_MD"/>
          <option code="ro_RO" label="ro_RO"/>
          <option code="rm_CH" label="rm_CH"/>
          <option code="rn_BI" label="rn_BI"/>
          <option code="ru_RU" label="ru_RU"/>
          <option code="sr_BA" label="sr_BA"/>
          <option code="sh_BA" label="sh_BA"/>
          <option code="sh_CS" label="sh_CS"/>
          <option code="sr_CS" label="sr_CS"/>
          <option code="sr_RS" label="sr_RS"/>
          <option code="sk_SK" label="sk_SK"/>
          <option code="sl_SI" label="sl_SI"/>
          <option code="so_DJ" label="so_DJ"/>
          <option code="so_SO" label="so_SO"/>
          <option code="es_AR" label="es_AR"/>
          <option code="es_BO" label="es_BO"/>
          <option code="es_CL" label="es_CL"/>
          <option code="es_CO" label="es_CO"/>
          <option code="es_CR" label="es_CR"/>
          <option code="es_CU" label="es_CU"/>
          <option code="es_DO" label="es_DO"/>
          <option code="es_EC" label="es_EC"/>
          <option code="es_SV" label="es_SV"/>
          <option code="es_GT" label="es_GT"/>
          <option code="es_HN" label="es_HN"/>
          <option code="es_MX" label="es_MX"/>
          <option code="es_NI" label="es_NI"/>
          <option code="es_PA" label="es_PA"/>
          <option code="es_PY" label="es_PY"/>
          <option code="es_PE" label="es_PE"/>
          <option code="es_PR" label="es_PR"/>
          <option code="es_ES" label="es_ES"/>
          <option code="es_US" label="es_US"/>
          <option code="es_UY" label="es_UY"/>
          <option code="es_VE" label="es_VE"/>
          <option code="sv_SE" label="sv_SE"/>
          <option code="tl_PH" label="tl_PH"/>
          <option code="tg_TJ" label="tg_TJ"/>
          <option code="ta_IN" label="ta_IN"/>
          <option code="ta_LK" label="ta_LK"/>
          <option code="th_TH" label="th_TH"/>
          <option code="ti_ET" label="ti_ET"/>
          <option code="tr_TR" label="tr_TR"/>
          <option code="uk_UA" label="uk_UA"/>
          <option code="ur_PK" label="ur_PK"/>
          <option code="uz_LATN_UZ" label="uz_LATN_UZ"/>
          <option code="vi_VN" label="vi_VN"/>
          <option code="cy_GB" label="cy_GB"/>
          <option code="yo_BJ" label="yo_BJ"/>
          <attributeGroup>false</attributeGroup>
        </fieldInfo>
        <fieldConfig>
          <default>en_US</default>
        </fieldConfig>
      </identityMappingField>
      <identityMappingField fieldName="ProfileId">
        <fieldInfo code="ProfileId" label="Profile Id">
          <required>true</required>
          <attributeGroup>false</attributeGroup>
        </fieldInfo>
        <fieldConfig>
          <default>Chatter Free User</default>
        </fieldConfig>
      </identityMappingField>
      <identityMappingField fieldName="TimeZoneSidKey">
        <fieldInfo code="TimeZoneSidKey" label="Time Zone Sid Key">
          <required>true</required>
          <option code="Pacific/Kiritimati" label="Pacific/Kiritimati"/>
          <option code="Pacific/Enderbury" label="Pacific/Enderbury"/>
          <option code="Pacific/Tongatapu" label="Pacific/Tongatapu"/>
          <option code="Pacific/Chatham" label="Pacific/Chatham"/>
          <option code="Asia/Kamchatka" label="Asia/Kamchatka"/>
          <option code="Pacific/Auckland" label="Pacific/Auckland"/>
          <option code="Pacific/Fiji" label="Pacific/Fiji"/>
          <option code="Pacific/Guadalcanal" label="Pacific/Guadalcanal"/>
          <option code="Pacific/Norfolk" label="Pacific/Norfolk"/>
          <option code="Australia/Lord_Howe" label="Australia/Lord_Howe"/>
          <option code="Australia/Brisbane" label="Australia/Brisbane"/>
          <option code="Australia/Sydney" label="Australia/Sydney"/>
          <option code="Australia/Adelaide" label="Australia/Adelaide"/>
          <option code="Australia/Darwin" label="Australia/Darwin"/>
          <option code="Asia/Seoul" label="Asia/Seoul"/>
          <option code="Asia/Tokyo" label="Asia/Tokyo"/>
          <option code="Asia/Hong_Kong" label="Asia/Hong_Kong"/>
          <option code="Asia/Kuala_Lumpur" label="Asia/Kuala_Lumpur"/>
          <option code="Asia/Manila" label="Asia/Manila"/>
          <option code="Asia/Shanghai" label="Asia/Shanghai"/>
          <option code="Asia/Singapore" label="Asia/Singapore"/>
          <option code="Asia/Taipei" label="Asia/Taipei"/>
          <option code="Australia/Perth" label="Australia/Perth"/>
          <option code="Asia/Bangkok" label="Asia/Bangkok"/>
          <option code="Asia/Ho_Chi_Minh" label="Asia/Ho_Chi_Minh"/>
          <option code="Asia/Jakarta" label="Asia/Jakarta"/>
          <option code="Asia/Rangoon" label="Asia/Rangoon"/>
          <option code="Asia/Dhaka" label="Asia/Dhaka"/>
          <option code="Asia/Kathmandu" label="Asia/Kathmandu"/>
          <option code="Asia/Colombo" label="Asia/Colombo"/>
          <option code="Asia/Kolkata" label="Asia/Kolkata"/>
          <option code="Asia/Baku" label="Asia/Baku"/>
          <option code="Asia/Karachi" label="Asia/Karachi"/>
          <option code="Asia/Tashkent" label="Asia/Tashkent"/>
          <option code="Asia/Yekaterinburg" label="Asia/Yekaterinburg"/>
          <option code="Asia/Kabul" label="Asia/Kabul"/>
          <option code="Asia/Tehran" label="Asia/Tehran"/>
          <option code="Asia/Dubai" label="Asia/Dubai"/>
          <option code="Asia/Tbilisi" label="Asia/Tbilisi"/>
          <option code="Asia/Yerevan" label="Asia/Yerevan"/>
          <option code="Africa/Nairobi" label="Africa/Nairobi"/>
          <option code="Asia/Baghdad" label="Asia/Baghdad"/>
          <option code="Asia/Beirut" label="Asia/Beirut"/>
          <option code="Asia/Jerusalem" label="Asia/Jerusalem"/>
          <option code="Asia/Kuwait" label="Asia/Kuwait"/>
          <option code="Asia/Riyadh" label="Asia/Riyadh"/>
          <option code="Europe/Athens" label="Europe/Athens"/>
          <option code="Europe/Bucharest" label="Europe/Bucharest"/>
          <option code="Europe/Helsinki" label="Europe/Helsinki"/>
          <option code="Europe/Istanbul" label="Europe/Istanbul"/>
          <option code="Europe/Minsk" label="Europe/Minsk"/>
          <option code="Europe/Moscow" label="Europe/Moscow"/>
          <option code="Africa/Cairo" label="Africa/Cairo"/>
          <option code="Africa/Johannesburg" label="Africa/Johannesburg"/>
          <option code="Europe/Amsterdam" label="Europe/Amsterdam"/>
          <option code="Europe/Berlin" label="Europe/Berlin"/>
          <option code="Europe/Brussels" label="Europe/Brussels"/>
          <option code="Europe/Paris" label="Europe/Paris"/>
          <option code="Europe/Prague" label="Europe/Prague"/>
          <option code="Europe/Rome" label="Europe/Rome"/>
          <option code="Africa/Algiers" label="Africa/Algiers"/>
          <option code="Africa/Casablanca" label="Africa/Casablanca"/>
          <option code="Europe/Dublin" label="Europe/Dublin"/>
          <option code="Europe/Lisbon" label="Europe/Lisbon"/>
          <option code="Europe/London" label="Europe/London"/>
          <option code="America/Scoresbysund" label="America/Scoresbysund"/>
          <option code="Atlantic/Azores" label="Atlantic/Azores"/>
          <option code="GMT" label="GMT"/>
          <option code="Atlantic/Cape_Verde" label="Atlantic/Cape_Verde"/>
          <option code="Atlantic/South_Georgia" label="Atlantic/South_Georgia"/>
          <option code="America/St_Johns" label="America/St_Johns"/>
          <option code="America/Argentina/Buenos_Aires" label="America/Argentina/Buenos_Aires"/>
          <option code="America/Halifax" label="America/Halifax"/>
          <option code="America/Santiago" label="America/Santiago"/>
          <option code="America/Sao_Paulo" label="America/Sao_Paulo"/>
          <option code="Atlantic/Bermuda" label="Atlantic/Bermuda"/>
          <option code="America/Indiana/Indianapolis" label="America/Indiana/Indianapolis"/>
          <option code="America/New_York" label="America/New_York"/>
          <option code="America/Puerto_Rico" label="America/Puerto_Rico"/>
          <option code="America/Caracas" label="America/Caracas"/>
          <option code="America/Bogota" label="America/Bogota"/>
          <option code="America/Chicago" label="America/Chicago"/>
          <option code="America/Lima" label="America/Lima"/>
          <option code="America/Mexico_City" label="America/Mexico_City"/>
          <option code="America/Panama" label="America/Panama"/>
          <option code="America/Denver" label="America/Denver"/>
          <option code="America/El_Salvador" label="America/El_Salvador"/>
          <option code="America/Mazatlan" label="America/Mazatlan"/>
          <option code="America/Los_Angeles" label="America/Los_Angeles"/>
          <option code="America/Phoenix" label="America/Phoenix"/>
          <option code="America/Tijuana" label="America/Tijuana"/>
          <option code="America/Anchorage" label="America/Anchorage"/>
          <option code="Pacific/Pitcairn" label="Pacific/Pitcairn"/>
          <option code="America/Adak" label="America/Adak"/>
          <option code="Pacific/Gambier" label="Pacific/Gambier"/>
          <option code="Pacific/Marquesas" label="Pacific/Marquesas"/>
          <option code="Pacific/Honolulu" label="Pacific/Honolulu"/>
          <option code="Pacific/Niue" label="Pacific/Niue"/>
          <option code="Pacific/Pago_Pago" label="Pacific/Pago_Pago"/>
          <attributeGroup>false</attributeGroup>
        </fieldInfo>
        <fieldConfig>
          <default>America/New_York</default>
        </fieldConfig>
      </identityMappingField>
      <identityMappingField fieldName="City">
        <fieldInfo code="City" label="City">
          <attributeGroup>false</attributeGroup>
        </fieldInfo>
        <fieldConfig/>
      </identityMappingField>
      <identityMappingField fieldName="CompanyName">
        <fieldInfo code="CompanyName" label="Company Name">
          <attributeGroup>false</attributeGroup>
        </fieldInfo>
        <fieldConfig/>
      </identityMappingField>
      <identityMappingField fieldName="Country">
        <fieldInfo code="Country" label="Country">
          <attributeGroup>false</attributeGroup>
        </fieldInfo>
        <fieldConfig/>
      </identityMappingField>
      <identityMappingField fieldName="Department">
        <fieldInfo code="Department" label="Department">
          <attributeGroup>false</attributeGroup>
        </fieldInfo>
        <fieldConfig/>
      </identityMappingField>
      <identityMappingField fieldName="Division">
        <fieldInfo code="Division" label="Division">
          <attributeGroup>false</attributeGroup>
        </fieldInfo>
        <fieldConfig/>
      </identityMappingField>
      <identityMappingField fieldName="Extension">
        <fieldInfo code="Extension" label="Extension">
          <attributeGroup>false</attributeGroup>
        </fieldInfo>
        <fieldConfig/>
      </identityMappingField>
      <identityMappingField fieldName="Fax">
        <fieldInfo code="Fax" label="Fax">
          <attributeGroup>false</attributeGroup>
        </fieldInfo>
        <fieldConfig/>
      </identityMappingField>
      <identityMappingField fieldName="FederationIdentifier">
        <fieldInfo code="FederationIdentifier" label="Federation Identifier">
          <attributeGroup>false</attributeGroup>
        </fieldInfo>
        <fieldConfig/>
      </identityMappingField>
      <identityMappingField fieldName="FirstName">
        <fieldInfo code="FirstName" label="First Name">
          <attributeGroup>false</attributeGroup>
        </fieldInfo>
        <fieldConfig/>
      </identityMappingField>
      <identityMappingField fieldName="MobilePhone">
        <fieldInfo code="MobilePhone" label="Mobile Phone">
          <attributeGroup>false</attributeGroup>
        </fieldInfo>
        <fieldConfig/>
      </identityMappingField>
      <identityMappingField fieldName="PermissionSets">
        <fieldInfo code="PermissionSets" label="Permission Sets">
          <multiValue>true</multiValue>
          <attributeGroup>false</attributeGroup>
        </fieldInfo>
        <fieldConfig/>
      </identityMappingField>
      <identityMappingField fieldName="Phone">
        <fieldInfo code="Phone" label="Phone">
          <attributeGroup>false</attributeGroup>
        </fieldInfo>
        <fieldConfig/>
      </identityMappingField>
      <identityMappingField fieldName="PostalCode">
        <fieldInfo code="PostalCode" label="Postal Code">
          <attributeGroup>false</attributeGroup>
        </fieldInfo>
        <fieldConfig/>
      </identityMappingField>
      <identityMappingField fieldName="State">
        <fieldInfo code="State" label="State">
          <attributeGroup>false</attributeGroup>
        </fieldInfo>
        <fieldConfig/>
      </identityMappingField>
      <identityMappingField fieldName="Street">
        <fieldInfo code="Street" label="Street">
          <attributeGroup>false</attributeGroup>
        </fieldInfo>
        <fieldConfig/>
      </identityMappingField>
      <identityMappingField fieldName="Title">
        <fieldInfo code="Title" label="Title">
          <attributeGroup>false</attributeGroup>
        </fieldInfo>
        <fieldConfig/>
      </identityMappingField>
      <identityMappingField fieldName="UserRoleId">
        <fieldInfo code="UserRoleId" label="User Role Id">
          <attributeGroup>false</attributeGroup>
        </fieldInfo>
        <fieldConfig/>
      </identityMappingField>
    </channel>
    <Scim/>
  </saasProvisionerEntity>
  <saasProvisionerEntity>
    <entityId>sfdcprovisioning</entityId>
    <target id="Salesforce">
      <parameter name="CLIENT_ID" value="3MVG9szVa2RxsqBaaBLXk7thCudLy2X9vUVRbMiAREV33eDQwnnuie2adJPhOKsycjyYP6FTgVXJxvY9zuif6"/>
      <parameter name="CLIENT_SECRET" value="OBF:JWE:eyJhbGciOiJkaXIiLCJlbmMiOiJBMTI4Q0JDLUhTMjU2Iiwia2lkIjoiNDFPUlBRSUJrYSIsInZlcnNpb24iOiI5LjIuMC4xMCJ9..KDjshUHJSULgcSxAzpmzUw.b_fsC2Zt9kn-6GLGWxSLtL76D4fzq8b8rOlutAzoMrE.NbGC5IP3a2SBppu4vxLWZw"/>
      <parameter name="OAUTH_ACCESS_TOKEN" value="OBF:JWE:eyJhbGciOiJkaXIiLCJlbmMiOiJBMTI4Q0JDLUhTMjU2Iiwia2lkIjoiNDFPUlBRSUJrYSIsInZlcnNpb24iOiI5LjIuMC4xMCJ9..upsnpFoYPcxp9aiGvxvzSg.ipEzXI1l_Nwbqn3KsMhqntjkye-Gg-8ja65OktaESd-y1WelnnTfOV5CxctwLPpMNOCWOsCUmHrsIC4fdv4LGxibpvzfUUfZM27FaNApyn1djwElP9_Zg1_FbTb7YNu5I8GllWyQAc2l3H6P2SGzdOXrMpDxM9Uv1-Lbtfm_uaY.9Oe5d7kjGtmp5APMB0LQvA"/>
      <parameter name="OAUTH_REFRESH_TOKEN" value="OBF:JWE:eyJhbGciOiJkaXIiLCJlbmMiOiJBMTI4Q0JDLUhTMjU2Iiwia2lkIjoiNDFPUlBRSUJrYSIsInZlcnNpb24iOiI5LjIuMC4xMCJ9..gIvIkSqE7xDl8IJDlRYnVg.NYsZL_3LljPBS8kZjQXuNqvORmc8snFL5VwcAHtdWXZ7JXhL_0K88DK-uL2a65gwN8Bp8B3OsAUSQSNCI8JcnYUvTz2Kvrcet-jozw0odNPdMLquTTq3zGXGsX1x2fax.mVQJlMu2UWEhSsdtRblLPg"/>
      <parameter name="SUBDOMAIN" value="anycompany-dev-ed.my"/>
      <parameter name="CREATE_NEW_USERS" value="false"/>
      <parameter name="UPDATE_NEW_USERS" value="false"/>
      <parameter name="FREEZE_USER_FLAG" value="false"/>
    </target>
    <channel id="1" name="LDAP" active="false">
      <maxThreads>1</maxThreads>
      <timeout>600</timeout>
      <source dataSourceId="LDAP-B0E3F2144BE069C5B28730A2F096BC3E67DAB16A">
        <ldapGuidFormatter guidAttributeName="entryUUID" guidIsBinary="true"/>
        <usersBaseDN>ou=People,dc=anycompany,dc=org</usersBaseDN>
        <filter>(&amp;(|(objectClass=anycompanyUser)(objectClass=pf-connected-identities))(uid=*)(mail=*)(!(anycompanySFDCExclude=YES)))</filter>
        <memberOfGroupAttributeName>isMemberOf</memberOfGroupAttributeName>
        <groupMemberAttributeName>member</groupMemberAttributeName>
        <changedUsersAlgorithm>Timestamp No Negation</changedUsersAlgorithm>
        <timestampAttributeName>modifyTimestamp</timestampAttributeName>
        <userObjectClass>inetOrgPerson</userObjectClass>
        <groupObjectClass>groupOfNames</groupObjectClass>
        <directoryIdentityAttributesMapper statusReader="Flag">
          <attributeName>anycompanyActive</attributeName>
          <default>true</default>
          <comparisonValue>true</comparisonValue>
          <comparisonValueStatus>false</comparisonValueStatus>
        </directoryIdentityAttributesMapper>
        <userNestedSearch>false</userNestedSearch>
        <groupNestedSearch>false</groupNestedSearch>
      </source>
      <saasUsernameFieldCode>Username</saasUsernameFieldCode>
      <identityMappingField fieldName="Username">
        <fieldInfo code="Username" label="Username">
          <required>true</required>
          <unique>true</unique>
          <attributeGroup>false</attributeGroup>
        </fieldInfo>
        <fieldConfig>
          <attributes>mail</attributes>
        </fieldConfig>
      </identityMappingField>
      <identityMappingField fieldName="CommunityNickname">
        <fieldInfo code="CommunityNickname" label="Community Nickname">
          <unique>true</unique>
          <attributeGroup>false</attributeGroup>
        </fieldInfo>
        <fieldConfig/>
      </identityMappingField>
      <identityMappingField fieldName="Alias">
        <fieldInfo code="Alias" label="Alias">
          <required>true</required>
          <attributeGroup>false</attributeGroup>
        </fieldInfo>
        <fieldConfig>
          <toLower>true</toLower>
          <attributes>uid</attributes>
          <script>#this.get("uid").toString().substring(0,5)</script>
        </fieldConfig>
      </identityMappingField>
      <identityMappingField fieldName="Email">
        <fieldInfo code="Email" label="Email">
          <required>true</required>
          <attributeGroup>false</attributeGroup>
        </fieldInfo>
        <fieldConfig>
          <attributes>mail</attributes>
        </fieldConfig>
      </identityMappingField>
      <identityMappingField fieldName="EmailEncodingKey">
        <fieldInfo code="EmailEncodingKey" label="Email Encoding Key">
          <required>true</required>
          <option code="UTF-8" label="UTF-8"/>
          <option code="ISO-8859-1" label="ISO-8859-1"/>
          <option code="Shift_JIS" label="Shift_JIS"/>
          <option code="ISO-2022-JP" label="ISO-2022-JP"/>
          <option code="EUC-JP" label="EUC-JP"/>
          <option code="ks_c_5601-1987" label="ks_c_5601-1987"/>
          <option code="Big5" label="Big5"/>
          <option code="GB2312" label="GB2312"/>
          <option code="Big5-HKSCS" label="Big5-HKSCS"/>
          <option code="x-SJIS_0213" label="x-SJIS_0213"/>
          <attributeGroup>false</attributeGroup>
        </fieldInfo>
        <fieldConfig>
          <default>UTF-8</default>
        </fieldConfig>
      </identityMappingField>
      <identityMappingField fieldName="LanguageLocaleKey">
        <fieldInfo code="LanguageLocaleKey" label="Language Locale Key">
          <required>true</required>
          <option code="en_US" label="en_US"/>
          <option code="de" label="de"/>
          <option code="es" label="es"/>
          <option code="fr" label="fr"/>
          <option code="it" label="it"/>
          <option code="ja" label="ja"/>
          <option code="sv" label="sv"/>
          <option code="ko" label="ko"/>
          <option code="zh_TW" label="zh_TW"/>
          <option code="zh_CN" label="zh_CN"/>
          <option code="pt_BR" label="pt_BR"/>
          <option code="nl_NL" label="nl_NL"/>
          <option code="da" label="da"/>
          <option code="th" label="th"/>
          <option code="fi" label="fi"/>
          <option code="ru" label="ru"/>
          <option code="es_MX" label="es_MX"/>
          <option code="no" label="no"/>
          <attributeGroup>false</attributeGroup>
        </fieldInfo>
        <fieldConfig>
          <default>en_US</default>
        </fieldConfig>
      </identityMappingField>
      <identityMappingField fieldName="LastName">
        <fieldInfo code="LastName" label="Last Name">
          <required>true</required>
          <attributeGroup>false</attributeGroup>
        </fieldInfo>
        <fieldConfig>
          <attributes>sn</attributes>
        </fieldConfig>
      </identityMappingField>
      <identityMappingField fieldName="LocaleSidKey">
        <fieldInfo code="LocaleSidKey" label="Locale Sid Key">
          <required>true</required>
          <option code="sq_AL" label="sq_AL"/>
          <option code="ar_DZ" label="ar_DZ"/>
          <option code="ar_BH" label="ar_BH"/>
          <option code="ar_EG" label="ar_EG"/>
          <option code="ar_IQ" label="ar_IQ"/>
          <option code="ar_JO" label="ar_JO"/>
          <option code="ar_KW" label="ar_KW"/>
          <option code="ar_LB" label="ar_LB"/>
          <option code="ar_LY" label="ar_LY"/>
          <option code="ar_MA" label="ar_MA"/>
          <option code="ar_OM" label="ar_OM"/>
          <option code="ar_QA" label="ar_QA"/>
          <option code="ar_SA" label="ar_SA"/>
          <option code="ar_SD" label="ar_SD"/>
          <option code="ar_SY" label="ar_SY"/>
          <option code="ar_TN" label="ar_TN"/>
          <option code="ar_AE" label="ar_AE"/>
          <option code="ar_YE" label="ar_YE"/>
          <option code="hy_AM" label="hy_AM"/>
          <option code="az_AZ" label="az_AZ"/>
          <option code="eu_ES" label="eu_ES"/>
          <option code="be_BY" label="be_BY"/>
          <option code="bn_BD" label="bn_BD"/>
          <option code="bs_BA" label="bs_BA"/>
          <option code="bg_BG" label="bg_BG"/>
          <option code="my_MM" label="my_MM"/>
          <option code="ca_ES" label="ca_ES"/>
          <option code="zh_CN_PINYIN" label="zh_CN_PINYIN"/>
          <option code="zh_CN_STROKE" label="zh_CN_STROKE"/>
          <option code="zh_CN" label="zh_CN"/>
          <option code="zh_HK_STROKE" label="zh_HK_STROKE"/>
          <option code="zh_HK" label="zh_HK"/>
          <option code="zh_MO" label="zh_MO"/>
          <option code="zh_SG" label="zh_SG"/>
          <option code="zh_TW_STROKE" label="zh_TW_STROKE"/>
          <option code="zh_TW" label="zh_TW"/>
          <option code="hr_HR" label="hr_HR"/>
          <option code="cs_CZ" label="cs_CZ"/>
          <option code="da_DK" label="da_DK"/>
          <option code="nl_AW" label="nl_AW"/>
          <option code="nl_BE" label="nl_BE"/>
          <option code="nl_NL" label="nl_NL"/>
          <option code="nl_SR" label="nl_SR"/>
          <option code="dz_BT" label="dz_BT"/>
          <option code="en_AG" label="en_AG"/>
          <option code="en_AU" label="en_AU"/>
          <option code="en_BS" label="en_BS"/>
          <option code="en_BB" label="en_BB"/>
          <option code="en_BZ" label="en_BZ"/>
          <option code="en_BM" label="en_BM"/>
          <option code="en_BW" label="en_BW"/>
          <option code="en_CM" label="en_CM"/>
          <option code="en_CA" label="en_CA"/>
          <option code="en_KY" label="en_KY"/>
          <option code="en_ER" label="en_ER"/>
          <option code="en_FK" label="en_FK"/>
          <option code="en_FJ" label="en_FJ"/>
          <option code="en_GM" label="en_GM"/>
          <option code="en_GH" label="en_GH"/>
          <option code="en_GI" label="en_GI"/>
          <option code="en_GY" label="en_GY"/>
          <option code="en_HK" label="en_HK"/>
          <option code="en_IN" label="en_IN"/>
          <option code="en_ID" label="en_ID"/>
          <option code="en_IE" label="en_IE"/>
          <option code="en_JM" label="en_JM"/>
          <option code="en_KE" label="en_KE"/>
          <option code="en_LR" label="en_LR"/>
          <option code="en_MG" label="en_MG"/>
          <option code="en_MW" label="en_MW"/>
          <option code="en_MY" label="en_MY"/>
          <option code="en_MU" label="en_MU"/>
          <option code="en_NA" label="en_NA"/>
          <option code="en_NZ" label="en_NZ"/>
          <option code="en_NG" label="en_NG"/>
          <option code="en_PK" label="en_PK"/>
          <option code="en_PG" label="en_PG"/>
          <option code="en_PH" label="en_PH"/>
          <option code="en_RW" label="en_RW"/>
          <option code="en_WS" label="en_WS"/>
          <option code="en_SC" label="en_SC"/>
          <option code="en_SL" label="en_SL"/>
          <option code="en_SG" label="en_SG"/>
          <option code="en_SX" label="en_SX"/>
          <option code="en_SB" label="en_SB"/>
          <option code="en_ZA" label="en_ZA"/>
          <option code="en_SH" label="en_SH"/>
          <option code="en_SZ" label="en_SZ"/>
          <option code="en_TZ" label="en_TZ"/>
          <option code="en_TO" label="en_TO"/>
          <option code="en_TT" label="en_TT"/>
          <option code="en_UG" label="en_UG"/>
          <option code="en_GB" label="en_GB"/>
          <option code="en_US" label="en_US"/>
          <option code="en_VU" label="en_VU"/>
          <option code="et_EE" label="et_EE"/>
          <option code="fi_FI" label="fi_FI"/>
          <option code="fr_BE" label="fr_BE"/>
          <option code="fr_CA" label="fr_CA"/>
          <option code="fr_KM" label="fr_KM"/>
          <option code="fr_FR" label="fr_FR"/>
          <option code="fr_GN" label="fr_GN"/>
          <option code="fr_HT" label="fr_HT"/>
          <option code="fr_LU" label="fr_LU"/>
          <option code="fr_MR" label="fr_MR"/>
          <option code="fr_MC" label="fr_MC"/>
          <option code="fr_CH" label="fr_CH"/>
          <option code="fr_WF" label="fr_WF"/>
          <option code="ka_GE" label="ka_GE"/>
          <option code="de_AT" label="de_AT"/>
          <option code="de_DE" label="de_DE"/>
          <option code="de_LU" label="de_LU"/>
          <option code="de_CH" label="de_CH"/>
          <option code="el_GR" label="el_GR"/>
          <option code="iw_IL" label="iw_IL"/>
          <option code="hi_IN" label="hi_IN"/>
          <option code="hu_HU" label="hu_HU"/>
          <option code="is_IS" label="is_IS"/>
          <option code="in_ID" label="in_ID"/>
          <option code="ga_IE" label="ga_IE"/>
          <option code="it_IT" label="it_IT"/>
          <option code="it_CH" label="it_CH"/>
          <option code="ja_JP" label="ja_JP"/>
          <option code="kk_KZ" label="kk_KZ"/>
          <option code="km_KH" label="km_KH"/>
          <option code="ko_KP" label="ko_KP"/>
          <option code="ko_KR" label="ko_KR"/>
          <option code="ky_KG" label="ky_KG"/>
          <option code="lo_LA" label="lo_LA"/>
          <option code="lv_LV" label="lv_LV"/>
          <option code="lt_LT" label="lt_LT"/>
          <option code="lu_CD" label="lu_CD"/>
          <option code="lb_LU" label="lb_LU"/>
          <option code="mk_MK" label="mk_MK"/>
          <option code="ms_BN" label="ms_BN"/>
          <option code="ms_MY" label="ms_MY"/>
          <option code="mt_MT" label="mt_MT"/>
          <option code="sh_ME" label="sh_ME"/>
          <option code="ne_NP" label="ne_NP"/>
          <option code="no_NO" label="no_NO"/>
          <option code="ps_AF" label="ps_AF"/>
          <option code="fa_IR" label="fa_IR"/>
          <option code="pl_PL" label="pl_PL"/>
          <option code="pt_AO" label="pt_AO"/>
          <option code="pt_BR" label="pt_BR"/>
          <option code="pt_CV" label="pt_CV"/>
          <option code="pt_MZ" label="pt_MZ"/>
          <option code="pt_PT" label="pt_PT"/>
          <option code="pt_ST" label="pt_ST"/>
          <option code="ro_MD" label="ro_MD"/>
          <option code="ro_RO" label="ro_RO"/>
          <option code="rm_CH" label="rm_CH"/>
          <option code="rn_BI" label="rn_BI"/>
          <option code="ru_RU" label="ru_RU"/>
          <option code="sr_BA" label="sr_BA"/>
          <option code="sh_BA" label="sh_BA"/>
          <option code="sh_CS" label="sh_CS"/>
          <option code="sr_CS" label="sr_CS"/>
          <option code="sr_RS" label="sr_RS"/>
          <option code="sk_SK" label="sk_SK"/>
          <option code="sl_SI" label="sl_SI"/>
          <option code="so_DJ" label="so_DJ"/>
          <option code="so_SO" label="so_SO"/>
          <option code="es_AR" label="es_AR"/>
          <option code="es_BO" label="es_BO"/>
          <option code="es_CL" label="es_CL"/>
          <option code="es_CO" label="es_CO"/>
          <option code="es_CR" label="es_CR"/>
          <option code="es_CU" label="es_CU"/>
          <option code="es_DO" label="es_DO"/>
          <option code="es_EC" label="es_EC"/>
          <option code="es_SV" label="es_SV"/>
          <option code="es_GT" label="es_GT"/>
          <option code="es_HN" label="es_HN"/>
          <option code="es_MX" label="es_MX"/>
          <option code="es_NI" label="es_NI"/>
          <option code="es_PA" label="es_PA"/>
          <option code="es_PY" label="es_PY"/>
          <option code="es_PE" label="es_PE"/>
          <option code="es_PR" label="es_PR"/>
          <option code="es_ES" label="es_ES"/>
          <option code="es_US" label="es_US"/>
          <option code="es_UY" label="es_UY"/>
          <option code="es_VE" label="es_VE"/>
          <option code="sv_SE" label="sv_SE"/>
          <option code="tl_PH" label="tl_PH"/>
          <option code="tg_TJ" label="tg_TJ"/>
          <option code="ta_IN" label="ta_IN"/>
          <option code="ta_LK" label="ta_LK"/>
          <option code="th_TH" label="th_TH"/>
          <option code="ti_ET" label="ti_ET"/>
          <option code="tr_TR" label="tr_TR"/>
          <option code="uk_UA" label="uk_UA"/>
          <option code="ur_PK" label="ur_PK"/>
          <option code="uz_LATN_UZ" label="uz_LATN_UZ"/>
          <option code="vi_VN" label="vi_VN"/>
          <option code="cy_GB" label="cy_GB"/>
          <option code="yo_BJ" label="yo_BJ"/>
          <attributeGroup>false</attributeGroup>
        </fieldInfo>
        <fieldConfig>
          <default>en_US</default>
        </fieldConfig>
      </identityMappingField>
      <identityMappingField fieldName="ProfileId">
        <fieldInfo code="ProfileId" label="Profile Id">
          <required>true</required>
          <attributeGroup>false</attributeGroup>
        </fieldInfo>
        <fieldConfig>
          <default>00e41000001cl4A</default>
        </fieldConfig>
      </identityMappingField>
      <identityMappingField fieldName="TimeZoneSidKey">
        <fieldInfo code="TimeZoneSidKey" label="Time Zone Sid Key">
          <required>true</required>
          <option code="Pacific/Kiritimati" label="Pacific/Kiritimati"/>
          <option code="Pacific/Enderbury" label="Pacific/Enderbury"/>
          <option code="Pacific/Tongatapu" label="Pacific/Tongatapu"/>
          <option code="Pacific/Chatham" label="Pacific/Chatham"/>
          <option code="Asia/Kamchatka" label="Asia/Kamchatka"/>
          <option code="Pacific/Auckland" label="Pacific/Auckland"/>
          <option code="Pacific/Fiji" label="Pacific/Fiji"/>
          <option code="Pacific/Guadalcanal" label="Pacific/Guadalcanal"/>
          <option code="Pacific/Norfolk" label="Pacific/Norfolk"/>
          <option code="Australia/Lord_Howe" label="Australia/Lord_Howe"/>
          <option code="Australia/Brisbane" label="Australia/Brisbane"/>
          <option code="Australia/Sydney" label="Australia/Sydney"/>
          <option code="Australia/Adelaide" label="Australia/Adelaide"/>
          <option code="Australia/Darwin" label="Australia/Darwin"/>
          <option code="Asia/Seoul" label="Asia/Seoul"/>
          <option code="Asia/Tokyo" label="Asia/Tokyo"/>
          <option code="Asia/Hong_Kong" label="Asia/Hong_Kong"/>
          <option code="Asia/Kuala_Lumpur" label="Asia/Kuala_Lumpur"/>
          <option code="Asia/Manila" label="Asia/Manila"/>
          <option code="Asia/Shanghai" label="Asia/Shanghai"/>
          <option code="Asia/Singapore" label="Asia/Singapore"/>
          <option code="Asia/Taipei" label="Asia/Taipei"/>
          <option code="Australia/Perth" label="Australia/Perth"/>
          <option code="Asia/Bangkok" label="Asia/Bangkok"/>
          <option code="Asia/Ho_Chi_Minh" label="Asia/Ho_Chi_Minh"/>
          <option code="Asia/Jakarta" label="Asia/Jakarta"/>
          <option code="Asia/Rangoon" label="Asia/Rangoon"/>
          <option code="Asia/Dhaka" label="Asia/Dhaka"/>
          <option code="Asia/Kathmandu" label="Asia/Kathmandu"/>
          <option code="Asia/Colombo" label="Asia/Colombo"/>
          <option code="Asia/Kolkata" label="Asia/Kolkata"/>
          <option code="Asia/Baku" label="Asia/Baku"/>
          <option code="Asia/Karachi" label="Asia/Karachi"/>
          <option code="Asia/Tashkent" label="Asia/Tashkent"/>
          <option code="Asia/Yekaterinburg" label="Asia/Yekaterinburg"/>
          <option code="Asia/Kabul" label="Asia/Kabul"/>
          <option code="Asia/Tehran" label="Asia/Tehran"/>
          <option code="Asia/Dubai" label="Asia/Dubai"/>
          <option code="Asia/Tbilisi" label="Asia/Tbilisi"/>
          <option code="Asia/Yerevan" label="Asia/Yerevan"/>
          <option code="Africa/Nairobi" label="Africa/Nairobi"/>
          <option code="Asia/Baghdad" label="Asia/Baghdad"/>
          <option code="Asia/Beirut" label="Asia/Beirut"/>
          <option code="Asia/Jerusalem" label="Asia/Jerusalem"/>
          <option code="Asia/Kuwait" label="Asia/Kuwait"/>
          <option code="Asia/Riyadh" label="Asia/Riyadh"/>
          <option code="Europe/Athens" label="Europe/Athens"/>
          <option code="Europe/Bucharest" label="Europe/Bucharest"/>
          <option code="Europe/Helsinki" label="Europe/Helsinki"/>
          <option code="Europe/Istanbul" label="Europe/Istanbul"/>
          <option code="Europe/Minsk" label="Europe/Minsk"/>
          <option code="Europe/Moscow" label="Europe/Moscow"/>
          <option code="Africa/Cairo" label="Africa/Cairo"/>
          <option code="Africa/Johannesburg" label="Africa/Johannesburg"/>
          <option code="Europe/Amsterdam" label="Europe/Amsterdam"/>
          <option code="Europe/Berlin" label="Europe/Berlin"/>
          <option code="Europe/Brussels" label="Europe/Brussels"/>
          <option code="Europe/Paris" label="Europe/Paris"/>
          <option code="Europe/Prague" label="Europe/Prague"/>
          <option code="Europe/Rome" label="Europe/Rome"/>
          <option code="Africa/Algiers" label="Africa/Algiers"/>
          <option code="Africa/Casablanca" label="Africa/Casablanca"/>
          <option code="Europe/Dublin" label="Europe/Dublin"/>
          <option code="Europe/Lisbon" label="Europe/Lisbon"/>
          <option code="Europe/London" label="Europe/London"/>
          <option code="America/Scoresbysund" label="America/Scoresbysund"/>
          <option code="Atlantic/Azores" label="Atlantic/Azores"/>
          <option code="GMT" label="GMT"/>
          <option code="Atlantic/Cape_Verde" label="Atlantic/Cape_Verde"/>
          <option code="Atlantic/South_Georgia" label="Atlantic/South_Georgia"/>
          <option code="America/St_Johns" label="America/St_Johns"/>
          <option code="America/Argentina/Buenos_Aires" label="America/Argentina/Buenos_Aires"/>
          <option code="America/Halifax" label="America/Halifax"/>
          <option code="America/Santiago" label="America/Santiago"/>
          <option code="America/Sao_Paulo" label="America/Sao_Paulo"/>
          <option code="Atlantic/Bermuda" label="Atlantic/Bermuda"/>
          <option code="America/Indiana/Indianapolis" label="America/Indiana/Indianapolis"/>
          <option code="America/New_York" label="America/New_York"/>
          <option code="America/Puerto_Rico" label="America/Puerto_Rico"/>
          <option code="America/Caracas" label="America/Caracas"/>
          <option code="America/Bogota" label="America/Bogota"/>
          <option code="America/Chicago" label="America/Chicago"/>
          <option code="America/Lima" label="America/Lima"/>
          <option code="America/Mexico_City" label="America/Mexico_City"/>
          <option code="America/Panama" label="America/Panama"/>
          <option code="America/Denver" label="America/Denver"/>
          <option code="America/El_Salvador" label="America/El_Salvador"/>
          <option code="America/Mazatlan" label="America/Mazatlan"/>
          <option code="America/Los_Angeles" label="America/Los_Angeles"/>
          <option code="America/Phoenix" label="America/Phoenix"/>
          <option code="America/Tijuana" label="America/Tijuana"/>
          <option code="America/Anchorage" label="America/Anchorage"/>
          <option code="Pacific/Pitcairn" label="Pacific/Pitcairn"/>
          <option code="America/Adak" label="America/Adak"/>
          <option code="Pacific/Gambier" label="Pacific/Gambier"/>
          <option code="Pacific/Marquesas" label="Pacific/Marquesas"/>
          <option code="Pacific/Honolulu" label="Pacific/Honolulu"/>
          <option code="Pacific/Niue" label="Pacific/Niue"/>
          <option code="Pacific/Pago_Pago" label="Pacific/Pago_Pago"/>
          <attributeGroup>false</attributeGroup>
        </fieldInfo>
        <fieldConfig>
          <default>America/New_York</default>
        </fieldConfig>
      </identityMappingField>
      <identityMappingField fieldName="City">
        <fieldInfo code="City" label="City">
          <attributeGroup>false</attributeGroup>
        </fieldInfo>
        <fieldConfig/>
      </identityMappingField>
      <identityMappingField fieldName="CompanyName">
        <fieldInfo code="CompanyName" label="Company Name">
          <attributeGroup>false</attributeGroup>
        </fieldInfo>
        <fieldConfig>
          <default>AnyCompany</default>
        </fieldConfig>
      </identityMappingField>
      <identityMappingField fieldName="Country">
        <fieldInfo code="Country" label="Country">
          <attributeGroup>false</attributeGroup>
        </fieldInfo>
        <fieldConfig/>
      </identityMappingField>
      <identityMappingField fieldName="Department">
        <fieldInfo code="Department" label="Department">
          <attributeGroup>false</attributeGroup>
        </fieldInfo>
        <fieldConfig/>
      </identityMappingField>
      <identityMappingField fieldName="Division">
        <fieldInfo code="Division" label="Division">
          <attributeGroup>false</attributeGroup>
        </fieldInfo>
        <fieldConfig/>
      </identityMappingField>
      <identityMappingField fieldName="Extension">
        <fieldInfo code="Extension" label="Extension">
          <attributeGroup>false</attributeGroup>
        </fieldInfo>
        <fieldConfig/>
      </identityMappingField>
      <identityMappingField fieldName="Fax">
        <fieldInfo code="Fax" label="Fax">
          <attributeGroup>false</attributeGroup>
        </fieldInfo>
        <fieldConfig/>
      </identityMappingField>
      <identityMappingField fieldName="FederationIdentifier">
        <fieldInfo code="FederationIdentifier" label="Federation Identifier">
          <attributeGroup>false</attributeGroup>
        </fieldInfo>
        <fieldConfig/>
      </identityMappingField>
      <identityMappingField fieldName="FirstName">
        <fieldInfo code="FirstName" label="First Name">
          <attributeGroup>false</attributeGroup>
        </fieldInfo>
        <fieldConfig>
          <attributes>givenName</attributes>
        </fieldConfig>
      </identityMappingField>
      <identityMappingField fieldName="MobilePhone">
        <fieldInfo code="MobilePhone" label="Mobile Phone">
          <attributeGroup>false</attributeGroup>
        </fieldInfo>
        <fieldConfig/>
      </identityMappingField>
      <identityMappingField fieldName="PermissionSets">
        <fieldInfo code="PermissionSets" label="Permission Sets">
          <multiValue>true</multiValue>
          <attributeGroup>false</attributeGroup>
        </fieldInfo>
        <fieldConfig/>
      </identityMappingField>
      <identityMappingField fieldName="Phone">
        <fieldInfo code="Phone" label="Phone">
          <attributeGroup>false</attributeGroup>
        </fieldInfo>
        <fieldConfig/>
      </identityMappingField>
      <identityMappingField fieldName="PostalCode">
        <fieldInfo code="PostalCode" label="Postal Code">
          <attributeGroup>false</attributeGroup>
        </fieldInfo>
        <fieldConfig/>
      </identityMappingField>
      <identityMappingField fieldName="State">
        <fieldInfo code="State" label="State">
          <attributeGroup>false</attributeGroup>
        </fieldInfo>
        <fieldConfig/>
      </identityMappingField>
      <identityMappingField fieldName="Street">
        <fieldInfo code="Street" label="Street">
          <attributeGroup>false</attributeGroup>
        </fieldInfo>
        <fieldConfig/>
      </identityMappingField>
      <identityMappingField fieldName="Title">
        <fieldInfo code="Title" label="Title">
          <attributeGroup>false</attributeGroup>
        </fieldInfo>
        <fieldConfig/>
      </identityMappingField>
      <identityMappingField fieldName="UserRoleId">
        <fieldInfo code="UserRoleId" label="User Role Id">
          <attributeGroup>false</attributeGroup>
        </fieldInfo>
        <fieldConfig/>
      </identityMappingField>
    </channel>
    <Scim/>
  </saasProvisionerEntity>
</saasProvisioner>