<?xml version="1.0" encoding="UTF-8"?>
<urn:AdapterConfiguration isInheritTargetApplicationInfo="false" isInheritExtendedContractAttributes="false" name="AnyCompany - PortalHome" xmlns:urn="urn:sourceid.org:saml2:adapter:conf">
    <urn:Fields>
        <urn:Field name="Authentication Endpoint"/>
        <urn:Field name="User Name">apiuser</urn:Field>
        <urn:Field name="Pass Phrase">eyJhbGciOiJkaXIiLCJlbmMiOiJBMTI4Q0JDLUhTMjU2Iiwia2lkIjoiNDFPUlBRSUJrYSIsInZlcnNpb24iOiI5LjIuMi4wIn0..Iuag-pc6G7FF2Iq2PmCpAw.uLO4Vp8pb_JF4dy1e3ldKw.Dv9UvRiNmtrR9lEELoNW-A</urn:Field>
        <urn:Field name="Allowed Subject DN"/>
        <urn:Field name="Allowed Issuer DN"/>
        <urn:Field name="Logout Service Endpoint">https://sso.anycompany.org:9031/sp/startSLO.ping</urn:Field>
        <urn:Field name="Account Linking Authentication Endpoint"/>
        <urn:Field name="Transport Mode">2</urn:Field>
        <urn:Field name="Reference Duration">5</urn:Field>
        <urn:Field name="Reference Length">30</urn:Field>
        <urn:Field name="Require SSL/TLS">true</urn:Field>
        <urn:Field name="Outgoing Attribute Format">JSON</urn:Field>
        <urn:Field name="Incoming Attribute Format">JSON</urn:Field>
        <urn:Field name="Logout Mode">FRONT</urn:Field>
        <urn:Field name="Skip Host Name Validation ">true</urn:Field>
    </urn:Fields>
    <urn:AdvancedFields>
        <urn:Field name="Transport Mode">2</urn:Field>
        <urn:Field name="Reference Duration">5</urn:Field>
        <urn:Field name="Reference Length">30</urn:Field>
        <urn:Field name="Require SSL/TLS">true</urn:Field>
        <urn:Field name="Outgoing Attribute Format">JSON</urn:Field>
        <urn:Field name="Incoming Attribute Format">JSON</urn:Field>
        <urn:Field name="Logout Mode">FRONT</urn:Field>
        <urn:Field name="Skip Host Name Validation ">true</urn:Field>
    </urn:AdvancedFields>
    <urn:Tables/>
    <urn:ExtendedContractAttributes>
        <urn:AttributeName>cn</urn:AttributeName>
    </urn:ExtendedContractAttributes>
</urn:AdapterConfiguration>