<?xml version="1.0" encoding="UTF-8"?>
<urn:AdapterConfiguration authnCtxClassRef="" isInheritAttributeSettings="false" isInheritAttributeMapping="false" maskOgnlValues="false" isInheritExtendedContractAttributes="false" name="AnyCompanyIDDW" xmlns:urn="urn:sourceid.org:saml2:adapter:conf">
    <urn:Fields>
        <urn:Field name="Device Profiling">false</urn:Field>
        <urn:Field name="Identity Proofing">true</urn:Field>
        <urn:Field name="IDDataWeb Access Token Endpoint">https://api.preprod.iddataweb.com/v1/token?grant_type=client_credentials</urn:Field>
        <urn:Field name="Basic Auth ID">99bbf38158a74dbd</urn:Field>
        <urn:Field name="Basic Auth Password">eyJhbGciOiJkaXIiLCJlbmMiOiJBMTI4Q0JDLUhTMjU2Iiwia2lkIjoiNDFPUlBRSUJrYSIsInZlcnNpb24iOiI5LjIuMC4xMCJ9..4uaT5ZCxgeX4HsLv2XTTHw.mjH6M4yujr9e87a9QYSbYg.ybRTOv5do2PSmVPnf2EB0g</urn:Field>
        <urn:Field name="IDDataWeb Script URI Endpoint">https://api.preprod.iddataweb.com/v1/scripturi</urn:Field>
        <urn:Field name="IDDataWeb Javascript URL">https://preprod1.maxconnector.com/preprod-axn/axn/api/script?asi=</urn:Field>
        <urn:Field name="HTML Form Template Name">iddw.template.html</urn:Field>
    </urn:Fields>
    <urn:AdvancedFields/>
    <urn:Tables/>
    <urn:ExtendedContractAttributes/>
    <urn:UniqueKeyField>iddwJson</urn:UniqueKeyField>
    <urn:AttributeMapping>
        <urn1:AttributeMap Name="iddwJson" Type="Adapter" Value="iddwJson" xmlns:urn1="urn:sourceid.org:saml2:metadata-extension:v2"/>
        <urn1:TokenAuthorizationIssuanceCriteria xmlns:urn1="urn:sourceid.org:saml2:metadata-extension:v2"/>
    </urn:AttributeMapping>
</urn:AdapterConfiguration>