<?xml version="1.0" encoding="UTF-8"?>
<urn:AdapterConfiguration authnCtxClassRef="" isInheritAttributeSettings="false" isInheritAttributeMapping="false" maskOgnlValues="false" isInheritExtendedContractAttributes="false" name="AnyCompany - Facebook" xmlns:urn="urn:sourceid.org:saml2:adapter:conf">
    <urn:Fields>
        <urn:Field name="Application ID">eyJhbGciOiJkaXIiLCJlbmMiOiJBMTI4Q0JDLUhTMjU2Iiwia2lkIjoiNDFPUlBRSUJrYSIsInZlcnNpb24iOiI5LjIuMC4xMCJ9..8L0gleJPB66E0UR1uHbM4w.GCNvjqJqqcVJk_hDdEQIQA.W-PCjEVx_gncM6k4tofwMg</urn:Field>
        <urn:Field name="Application Secret">eyJhbGciOiJkaXIiLCJlbmMiOiJBMTI4Q0JDLUhTMjU2Iiwia2lkIjoiNDFPUlBRSUJrYSIsInZlcnNpb24iOiI5LjIuMC4xMCJ9..qD7AFUiLUUpPUM_5nj70gg.CusLvOv02Fnptz6wUv6sXUY0FShiBIKG2HijwLxrrhQZs0HbhBWToA9_Ojw8rGd6.nyR161XD9yPwITMxZL_ayw</urn:Field>
        <urn:Field name="Site URL">https://sso.anycompany.org:9031/ext/facebook-authn</urn:Field>
        <urn:Field name="Error Redirect URL"/>
        <urn:Field name="Logout URL">https://www.facebook.com/logout.php</urn:Field>
        <urn:Field name="Unauthorized Redirect URL"/>
        <urn:Field name="Facebook Authentication URL">https://www.facebook.com/dialog/oauth</urn:Field>
        <urn:Field name="Facebook Access Token URL">https://graph.facebook.com/oauth/access_token</urn:Field>
        <urn:Field name="Facebook User Data URL">https://graph.facebook.com/v2.2/me?fields=first_name,last_name,email,name,gender,birthday</urn:Field>
    </urn:Fields>
    <urn:AdvancedFields>
        <urn:Field name="Facebook Authentication URL">https://www.facebook.com/dialog/oauth</urn:Field>
        <urn:Field name="Facebook Access Token URL">https://graph.facebook.com/oauth/access_token</urn:Field>
        <urn:Field name="Facebook User Data URL">https://graph.facebook.com/v2.2/me?fields=first_name,last_name,email,name,gender,birthday</urn:Field>
    </urn:AdvancedFields>
    <urn:Tables>
        <urn:Table name="Scope Permissions">
            <urn:Row>
                <urn:Field name="Facebook Scope Permission"/>
                <urn:Field name="Additional Facebook Scope Permission">user_birthday</urn:Field>
            </urn:Row>
            <urn:Row>
                <urn:Field name="Facebook Scope Permission">user_location</urn:Field>
                <urn:Field name="Additional Facebook Scope Permission"/>
            </urn:Row>
            <urn:Row>
                <urn:Field name="Facebook Scope Permission">email</urn:Field>
                <urn:Field name="Additional Facebook Scope Permission"/>
            </urn:Row>
        </urn:Table>
    </urn:Tables>
    <urn:ExtendedContractAttributes>
        <urn:AttributeName>email</urn:AttributeName>
    </urn:ExtendedContractAttributes>
    <urn:UniqueKeyField>name</urn:UniqueKeyField>
    <urn:AttributeMapping>
        <urn1:AttributeMap Name="birthday" Type="Adapter" Value="birthday" xmlns:urn1="urn:sourceid.org:saml2:metadata-extension:v2"/>
        <urn1:AttributeMap Name="updated_time" Type="Adapter" Value="updated_time" xmlns:urn1="urn:sourceid.org:saml2:metadata-extension:v2"/>
        <urn1:AttributeMap Name="hometown" Type="Adapter" Value="hometown" xmlns:urn1="urn:sourceid.org:saml2:metadata-extension:v2"/>
        <urn1:AttributeMap Name="education" Type="Adapter" Value="education" xmlns:urn1="urn:sourceid.org:saml2:metadata-extension:v2"/>
        <urn1:AttributeMap Name="gender" Type="Adapter" Value="gender" xmlns:urn1="urn:sourceid.org:saml2:metadata-extension:v2"/>
        <urn1:AttributeMap Name="timezone" Type="Adapter" Value="timezone" xmlns:urn1="urn:sourceid.org:saml2:metadata-extension:v2"/>
        <urn1:AttributeMap Name="work" Type="Adapter" Value="work" xmlns:urn1="urn:sourceid.org:saml2:metadata-extension:v2"/>
        <urn1:AttributeMap Name="about" Type="Adapter" Value="about" xmlns:urn1="urn:sourceid.org:saml2:metadata-extension:v2"/>
        <urn1:AttributeMap Name="link" Type="Adapter" Value="link" xmlns:urn1="urn:sourceid.org:saml2:metadata-extension:v2"/>
        <urn1:AttributeMap Name="verified" Type="Adapter" Value="verified" xmlns:urn1="urn:sourceid.org:saml2:metadata-extension:v2"/>
        <urn1:AttributeMap Name="bio" Type="Adapter" Value="bio" xmlns:urn1="urn:sourceid.org:saml2:metadata-extension:v2"/>
        <urn1:AttributeMap Name="last_name" Type="Adapter" Value="last_name" xmlns:urn1="urn:sourceid.org:saml2:metadata-extension:v2"/>
        <urn1:AttributeMap Name="locale" Type="Adapter" Value="locale" xmlns:urn1="urn:sourceid.org:saml2:metadata-extension:v2"/>
        <urn1:AttributeMap Name="token_expires" Type="Adapter" Value="token_expires" xmlns:urn1="urn:sourceid.org:saml2:metadata-extension:v2"/>
        <urn1:AttributeMap Name="quotes" Type="Adapter" Value="quotes" xmlns:urn1="urn:sourceid.org:saml2:metadata-extension:v2"/>
        <urn1:AttributeMap Name="access_token" Type="Adapter" Value="access_token" xmlns:urn1="urn:sourceid.org:saml2:metadata-extension:v2"/>
        <urn1:AttributeMap Name="name" Type="Adapter" Value="name" xmlns:urn1="urn:sourceid.org:saml2:metadata-extension:v2"/>
        <urn1:AttributeMap Name="location" Type="Adapter" Value="location" xmlns:urn1="urn:sourceid.org:saml2:metadata-extension:v2"/>
        <urn1:AttributeMap Name="id" Type="Adapter" Value="id" xmlns:urn1="urn:sourceid.org:saml2:metadata-extension:v2"/>
        <urn1:AttributeMap Name="first_name" Type="Adapter" Value="first_name" xmlns:urn1="urn:sourceid.org:saml2:metadata-extension:v2"/>
        <urn1:AttributeMap Name="email" Type="Adapter" Value="email" xmlns:urn1="urn:sourceid.org:saml2:metadata-extension:v2"/>
        <urn1:TokenAuthorizationIssuanceCriteria xmlns:urn1="urn:sourceid.org:saml2:metadata-extension:v2"/>
    </urn:AttributeMapping>
</urn:AdapterConfiguration>