<?xml version="1.0" encoding="UTF-8"?>
<urn:AdapterConfiguration authnCtxClassRef="" isInheritAttributeSettings="false" isInheritAttributeMapping="false" maskOgnlValues="false" isInheritExtendedContractAttributes="false" name="AnyCompany - TM" xmlns:urn="urn:sourceid.org:saml2:adapter:conf">
    <urn:Fields>
        <urn:Field name="ThreatMetrix ORG ID">8e0a4uvo</urn:Field>
        <urn:Field name="ThreatMetrix API Key">eyJhbGciOiJkaXIiLCJlbmMiOiJBMTI4Q0JDLUhTMjU2Iiwia2lkIjoiNDFPUlBRSUJrYSIsInZlcnNpb24iOiI5LjIuMC4xMCJ9..tIU1QHHrko53NKex0DYrxw.Qy1gU4P4wn6WYU0BM5zXCeBENWk1Oo7xsNdT0ZBWKXA.LgIBaHxm-5lwGe2Qh-y16w</urn:Field>
        <urn:Field name="ThreatMetrix Policy Name">default</urn:Field>
        <urn:Field name="User ID Field Name">username</urn:Field>
        <urn:Field name="ThreatMetrix Input IP Address Mode">Hybrid</urn:Field>
        <urn:Field name="Session Query API Failure Action">Review</urn:Field>
        <urn:Field name="Update API Failure Action">Continue</urn:Field>
        <urn:Field name="Ignore ThreatMetrix Risk Rating">false</urn:Field>
        <urn:Field name="Time Tolerance">60</urn:Field>
        <urn:Field name="Step-Up Authentication IdP Adapter">AnyCompanyPingID</urn:Field>
        <urn:Field name="Step-Up Authentication IdP Adapter Type">Soft Token</urn:Field>
        <urn:Field name="Step-Up Authentication Fail Template">tmx.stepup.fail.template.html</urn:Field>
        <urn:Field name="ThreatMetrix User Error Template">tmx.api.reject.template.html</urn:Field>
        <urn:Field name="Adapter Integration Error Template">general.error.page.template.html</urn:Field>
    </urn:Fields>
    <urn:AdvancedFields/>
    <urn:Tables/>
    <urn:ExtendedContractAttributes/>
    <urn:UniqueKeyField>username</urn:UniqueKeyField>
    <urn:AttributeMapping>
        <urn1:AttributeMap Name="tmxApiResponse" Type="Adapter" Value="tmxApiResponse" xmlns:urn1="urn:sourceid.org:saml2:metadata-extension:v2"/>
        <urn1:AttributeMap Name="stepupPerformed" Type="Adapter" Value="stepupPerformed" xmlns:urn1="urn:sourceid.org:saml2:metadata-extension:v2"/>
        <urn1:AttributeMap Name="stepupPerformedBy" Type="Adapter" Value="stepupPerformedBy" xmlns:urn1="urn:sourceid.org:saml2:metadata-extension:v2"/>
        <urn1:AttributeMap Name="tmxSessionId" Type="Adapter" Value="tmxSessionId" xmlns:urn1="urn:sourceid.org:saml2:metadata-extension:v2"/>
        <urn1:AttributeMap Name="stepupAdapter" Type="Adapter" Value="stepupAdapter" xmlns:urn1="urn:sourceid.org:saml2:metadata-extension:v2"/>
        <urn1:AttributeMap Name="username" Type="Adapter" Value="username" xmlns:urn1="urn:sourceid.org:saml2:metadata-extension:v2"/>
        <urn1:TokenAuthorizationIssuanceCriteria xmlns:urn1="urn:sourceid.org:saml2:metadata-extension:v2"/>
    </urn:AttributeMapping>
</urn:AdapterConfiguration>