<?xml version="1.0" encoding="UTF-8"?>
<urn:AdapterConfiguration authnCtxClassRef="" isInheritAttributeSettings="false" isInheritAttributeMapping="false" maskOgnlValues="false" isInheritExtendedContractAttributes="false" name="AnyCompany - NetskopeChangePwd" xmlns:urn="urn:sourceid.org:saml2:adapter:conf">
    <urn:Fields>
        <urn:Field name="Netskope Tenant Url">https://sa-demo.goskope.com</urn:Field>
        <urn:Field name="Netskope Api Token">eyJhbGciOiJkaXIiLCJlbmMiOiJBMTI4Q0JDLUhTMjU2Iiwia2lkIjoiNDFPUlBRSUJrYSIsInZlcnNpb24iOiI5LjIuMi4wIn0..rAoUi53uc_3WjTZJrVf2_A.s9QuaXIZKbCyNTN62_8WgyobEbOxdtnLND-KiQy8bUXSLE3fbdtDkdVarxHP7Aw7.KsdYolFzt71zg5s9Cw3O1g</urn:Field>
        <urn:Field name="Adapter Integration Error Template">netskope.optiv.error.template.html</urn:Field>
        <urn:Field name="Change Password Application URL">https://sso.anycompany.org:9031/dashboard/pages/changepasswordform.html</urn:Field>
        <urn:Field name="Change Password Notification Template">netskope.optiv.change.password.notification.template.html</urn:Field>
    </urn:Fields>
    <urn:AdvancedFields/>
    <urn:Tables/>
    <urn:ExtendedContractAttributes/>
    <urn:UniqueKeyField>username</urn:UniqueKeyField>
    <urn:AttributeMapping>
        <urn1:AttributeMap Name="username" Type="Adapter" Value="username" xmlns:urn1="urn:sourceid.org:saml2:metadata-extension:v2"/>
        <urn1:TokenAuthorizationIssuanceCriteria xmlns:urn1="urn:sourceid.org:saml2:metadata-extension:v2"/>
    </urn:AttributeMapping>
</urn:AdapterConfiguration>