<?xml version="1.0" encoding="UTF-8"?>
<urn:AdapterConfiguration authnCtxClassRef="" isInheritAttributeSettings="false" isInheritAttributeMapping="false" maskOgnlValues="false" isInheritExtendedContractAttributes="false" name="AnyCompany - Netskope CCDB" xmlns:urn="urn:sourceid.org:saml2:adapter:conf">
    <urn:Fields>
        <urn:Field name="Netskope Tenant Url">https://sa-demo.goskope.com</urn:Field>
        <urn:Field name="Netskope Api Token">eyJhbGciOiJkaXIiLCJlbmMiOiJBMTI4Q0JDLUhTMjU2Iiwia2lkIjoiNDFPUlBRSUJrYSIsInZlcnNpb24iOiI5LjIuMi4wIn0..0t-_LjDA-km6bvo9TCHWdw.BPMydeexX2gtuMEu_jYb0CV2pYcShpP0CN6BF56fouTtkfq9twnLKN4aZCfOapGj.mPOkEGBc7yPPIX5ZDMV5mQ</urn:Field>
        <urn:Field name="Adapter Integration Error Template">netskope.optiv.error.template.html</urn:Field>
        <urn:Field name="Netskope API Query Time Range">365</urn:Field>
        <urn:Field name="Netskope API Failure Action">Abort</urn:Field>
        <urn:Field name="Query All Data">false</urn:Field>
    </urn:Fields>
    <urn:AdvancedFields/>
    <urn:Tables/>
    <urn:ExtendedContractAttributes/>
    <urn:UniqueKeyField>username</urn:UniqueKeyField>
    <urn:AttributeMapping>
        <urn1:AttributeMap Name="username" Type="Adapter" Value="username" xmlns:urn1="urn:sourceid.org:saml2:metadata-extension:v2"/>
        <urn1:TokenAuthorizationIssuanceCriteria xmlns:urn1="urn:sourceid.org:saml2:metadata-extension:v2"/>
    </urn:AttributeMapping>
</urn:AdapterConfiguration>