<?xml version="1.0" encoding="UTF-8"?>
<urn:AdapterConfiguration isInheritTargetApplicationInfo="false" applicationName="SAMLP14C" isInheritExtendedContractAttributes="false" name="dummy" xmlns:urn="urn:sourceid.org:saml2:adapter:conf">
    <urn:Fields>
        <urn:Field name="Password">eyJhbGciOiJkaXIiLCJlbmMiOiJBMTI4Q0JDLUhTMjU2Iiwia2lkIjoiNDFPUlBRSUJrYSIsInZlcnNpb24iOiI5LjIuMi4wIn0..Un8rjrW8Kky9wP18SlsoNg.UdyXzDLHV2uK0y-unpT6_g.8Msg0pK1bYY7vwxFWOwL8w</urn:Field>
        <urn:Field name="Confirm Password">eyJhbGciOiJkaXIiLCJlbmMiOiJBMTI4Q0JDLUhTMjU2Iiwia2lkIjoiNDFPUlBRSUJrYSIsInZlcnNpb24iOiI5LjIuMi4wIn0..w_hVquVQI-YQpj6wPVFbAA.pDBCSCuQXkHH8uM8NAdE7Q.wuyIsCHJ0x1neomIJE23hg</urn:Field>
        <urn:Field name="Transport Mode">2</urn:Field>
        <urn:Field name="Token Name">opentoken</urn:Field>
        <urn:Field name="Cipher Suite">2</urn:Field>
        <urn:Field name="Authentication Service"/>
        <urn:Field name="Account Link Service"/>
        <urn:Field name="Logout Service"/>
        <urn:Field name="Cookie Domain"/>
        <urn:Field name="Cookie Path">/</urn:Field>
        <urn:Field name="Token Lifetime">300</urn:Field>
        <urn:Field name="Session Lifetime">43200</urn:Field>
        <urn:Field name="Not Before Tolerance">0</urn:Field>
        <urn:Field name="Force SunJCE Provider">false</urn:Field>
        <urn:Field name="Use Verbose Error Messages">false</urn:Field>
        <urn:Field name="Obfuscate Password">true</urn:Field>
        <urn:Field name="Session Cookie">false</urn:Field>
        <urn:Field name="Secure Cookie">false</urn:Field>
        <urn:Field name="HTTP Only Flag">true</urn:Field>
        <urn:Field name="Send Subject as Query Parameter"/>
        <urn:Field name="Subject Query Parameter                 "/>
        <urn:Field name="Send Extended Attributes"/>
        <urn:Field name="Skip Trimming of Trailing Backslashes">false</urn:Field>
    </urn:Fields>
    <urn:AdvancedFields>
        <urn:Field name="Transport Mode">2</urn:Field>
        <urn:Field name="Token Name">opentoken</urn:Field>
        <urn:Field name="Cipher Suite">2</urn:Field>
        <urn:Field name="Authentication Service"/>
        <urn:Field name="Account Link Service"/>
        <urn:Field name="Logout Service"/>
        <urn:Field name="Cookie Domain"/>
        <urn:Field name="Cookie Path">/</urn:Field>
        <urn:Field name="Token Lifetime">300</urn:Field>
        <urn:Field name="Session Lifetime">43200</urn:Field>
        <urn:Field name="Not Before Tolerance">0</urn:Field>
        <urn:Field name="Force SunJCE Provider">false</urn:Field>
        <urn:Field name="Use Verbose Error Messages">false</urn:Field>
        <urn:Field name="Obfuscate Password">true</urn:Field>
        <urn:Field name="Session Cookie">false</urn:Field>
        <urn:Field name="Secure Cookie">false</urn:Field>
        <urn:Field name="HTTP Only Flag">true</urn:Field>
        <urn:Field name="Send Subject as Query Parameter"/>
        <urn:Field name="Subject Query Parameter                 "/>
        <urn:Field name="Send Extended Attributes"/>
        <urn:Field name="Skip Trimming of Trailing Backslashes">false</urn:Field>
    </urn:AdvancedFields>
    <urn:Tables/>
    <urn:ExtendedContractAttributes/>
</urn:AdapterConfiguration>