<?xml version="1.0" encoding="UTF-8"?>
<urn:AdapterConfiguration authnCtxClassRef="" isInheritAttributeSettings="false" isInheritAttributeMapping="false" maskOgnlValues="false" isInheritExtendedContractAttributes="false" name="Interset" xmlns:urn="urn:sourceid.org:saml2:adapter:conf">
    <urn:Fields>
        <urn:Field name="Environment Data File Location">/usr/local/pingfederate1-9.1.1/pingfederate/log/interset_client_data.log</urn:Field>
        <urn:Field name="SCIM ENDPOINT">https://dir.anycompany.org/scim/v1/deviceProfile</urn:Field>
        <urn:Field name="SCIM Username">cn=dmanager</urn:Field>
        <urn:Field name="SCIM Password">eyJhbGciOiJkaXIiLCJlbmMiOiJBMTI4Q0JDLUhTMjU2Iiwia2lkIjoiNDFPUlBRSUJrYSIsInZlcnNpb24iOiI5LjIuMi4wIn0..S7pAAzpApbuDL8aPR7g2sg.jbWyI43byE9u7WGqsS_BYQ.2E35oyBiO_bUKsr-ojxUBw</urn:Field>
        <urn:Field name="Device Container DN">ou=Devices,dc=anycompany,dc=org</urn:Field>
        <urn:Field name="HTML Form Template Name">interset.min.capture.template.html</urn:Field>
        <urn:Field name="Enable Debug Logging">true</urn:Field>
    </urn:Fields>
    <urn:AdvancedFields/>
    <urn:Tables/>
    <urn:ExtendedContractAttributes/>
    <urn:UniqueKeyField>username</urn:UniqueKeyField>
    <urn:AttributeMapping>
        <urn1:AttributeMap Name="username" Type="Adapter" Value="username" xmlns:urn1="urn:sourceid.org:saml2:metadata-extension:v2"/>
        <urn1:TokenAuthorizationIssuanceCriteria xmlns:urn1="urn:sourceid.org:saml2:metadata-extension:v2"/>
    </urn:AttributeMapping>
</urn:AdapterConfiguration>