<?xml version="1.0" encoding="UTF-8"?>
<urn:AdapterConfiguration authnCtxClassRef="" isInheritAttributeSettings="false" isInheritAttributeMapping="false" maskOgnlValues="false" isInheritExtendedContractAttributes="false" name="optk" xmlns:urn="urn:sourceid.org:saml2:adapter:conf">
    <urn:Fields>
        <urn:Field name="Password">eyJhbGciOiJkaXIiLCJlbmMiOiJBMTI4Q0JDLUhTMjU2Iiwia2lkIjoiNDFPUlBRSUJrYSIsInZlcnNpb24iOiI5LjIuMC4xMCJ9..js6H84peBs4eEwBh9o23mQ.baRijptgHyN_8_FVjBGmVQ.xGiFhm8KqIMM-0ZWcXp2qQ</urn:Field>
        <urn:Field name="Confirm Password">eyJhbGciOiJkaXIiLCJlbmMiOiJBMTI4Q0JDLUhTMjU2Iiwia2lkIjoiNDFPUlBRSUJrYSIsInZlcnNpb24iOiI5LjIuMC4xMCJ9..cd0mEuYqRlBLm7s6VOCx8g.8m-Vyho3pkMMshaTb0sHdA.uXYPVMU6z_wQeAlBpH21eQ</urn:Field>
        <urn:Field name="Authentication Service">https://portal.anycompany.org</urn:Field>
        <urn:Field name="Transport Mode">1</urn:Field>
        <urn:Field name="Token Name">opentoken</urn:Field>
        <urn:Field name="Cipher Suite">2</urn:Field>
        <urn:Field name="Logout Service"/>
        <urn:Field name="Cookie Domain"/>
        <urn:Field name="Cookie Path">/</urn:Field>
        <urn:Field name="Token Lifetime">300</urn:Field>
        <urn:Field name="Session Lifetime">43200</urn:Field>
        <urn:Field name="Not Before Tolerance">0</urn:Field>
        <urn:Field name="Force SunJCE Provider">false</urn:Field>
        <urn:Field name="Use Verbose Error Messages">false</urn:Field>
        <urn:Field name="Obfuscate Password">true</urn:Field>
        <urn:Field name="Session Cookie">false</urn:Field>
        <urn:Field name="Secure Cookie">false</urn:Field>
        <urn:Field name="HTTP Only Flag">true</urn:Field>
        <urn:Field name="Delete Cookie"/>
        <urn:Field name="Replay Prevention">false</urn:Field>
        <urn:Field name="Skip Malformed Attribute Detection">false</urn:Field>
        <urn:Field name="Track Authentication Time"/>
    </urn:Fields>
    <urn:AdvancedFields>
        <urn:Field name="Transport Mode">1</urn:Field>
        <urn:Field name="Token Name">opentoken</urn:Field>
        <urn:Field name="Cipher Suite">2</urn:Field>
        <urn:Field name="Logout Service"/>
        <urn:Field name="Cookie Domain"/>
        <urn:Field name="Cookie Path">/</urn:Field>
        <urn:Field name="Token Lifetime">300</urn:Field>
        <urn:Field name="Session Lifetime">43200</urn:Field>
        <urn:Field name="Not Before Tolerance">0</urn:Field>
        <urn:Field name="Force SunJCE Provider">false</urn:Field>
        <urn:Field name="Use Verbose Error Messages">false</urn:Field>
        <urn:Field name="Obfuscate Password">true</urn:Field>
        <urn:Field name="Session Cookie">false</urn:Field>
        <urn:Field name="Secure Cookie">false</urn:Field>
        <urn:Field name="HTTP Only Flag">true</urn:Field>
        <urn:Field name="Delete Cookie"/>
        <urn:Field name="Replay Prevention">false</urn:Field>
        <urn:Field name="Skip Malformed Attribute Detection">false</urn:Field>
        <urn:Field name="Track Authentication Time"/>
    </urn:AdvancedFields>
    <urn:Tables/>
    <urn:ExtendedContractAttributes/>
    <urn:UniqueKeyField>subject</urn:UniqueKeyField>
    <urn:AttributeMapping>
        <urn1:AttributeMap Name="subject" Type="Adapter" Value="subject" xmlns:urn1="urn:sourceid.org:saml2:metadata-extension:v2"/>
        <urn1:TokenAuthorizationIssuanceCriteria xmlns:urn1="urn:sourceid.org:saml2:metadata-extension:v2"/>
    </urn:AttributeMapping>
</urn:AdapterConfiguration>