<?xml version="1.0" encoding="UTF-8"?>
<con:config xmlns:con="http://www.sourceid.org/2004/05/config">
    <con:map name="adapter-selectors">
        <con:item name="AnyCompanyPortal">com.pingidentity.pf.selectors.connectionset.ConnectionSetAdapterSelector</con:item>
        <con:item name="RequestSelector">com.pingidentity.pf.selectors.http.HttpRequestParamAuthnSelector</con:item>
        <con:item name="PAStepUpAuthn">com.pingidentity.pf.selectors.saml.SamlAuthnContextAdapterSelector</con:item>
        <con:item name="AnyCompanyShop">com.pingidentity.pf.selectors.connectionset.ConnectionSetAdapterSelector</con:item>
        <con:item name="AnyCompanyPingOne">com.pingidentity.pf.selectors.connectionset.ConnectionSetAdapterSelector</con:item>
        <con:item name="AnyCompanySalesforce">com.pingidentity.pf.selectors.connectionset.ConnectionSetAdapterSelector</con:item>
        <con:item name="AnyCompanySFNetskope">com.pingidentity.pf.selectors.connectionset.ConnectionSetAdapterSelector</con:item>
        <con:item name="PingIDSDK">com.pingidentity.pf.selectors.http.HttpRequestParamAuthnSelector</con:item>
        <con:item name="EqualAdapters">com.pingidentity.pf.selectors.session.SessionAuthnSelector</con:item>
        <con:item name="AnyCompanyHTMLSelector">com.pingidentity.pf.selectors.session.SessionAuthnSelector</con:item>
        <con:item name="AnyCompanyOAuthSelector">com.pingidentity.pf.selectors.oauthclient.OAuthClientAdapterSelector</con:item>
        <con:item name="newTestSelect">com.pingidentity.pf.selectors.oauthclient.OAuthClientAdapterSelector</con:item>
        <con:item name="ModernoApp">com.pingidentity.pf.selectors.oauthclient.OAuthClientAdapterSelector</con:item>
        <con:item name="AnyCompanyMobileAndroid">com.pingidentity.pf.selectors.oauthclient.OAuthClientAdapterSelector</con:item>
        <con:item name="PathforAndroid">com.pingidentity.pf.selectors.http.HTTPHeaderAdapterSelector</con:item>
        <con:item name="AnyCompanyPingIDSDK">com.pingidentity.selectors.pingid.PingIDSDKContextSelector</con:item>
        <con:item name="O365Selector">com.pingidentity.pf.selectors.connectionset.ConnectionSetAdapterSelector</con:item>
    </con:map>
    <con:map name="adapter-selectors-parents"/>
</con:config>