<?xml version="1.0" encoding="UTF-8"?>
<con:config xmlns:con="http://www.sourceid.org/2004/05/config">
    <con:map name="bearer-access-token-management-plugins">
        <con:item name="AnyCompanyAT">org.sourceid.oauth20.token.plugin.impl.ReferenceBearerAccessTokenManagementPlugin</con:item>
        <con:item name="jwt">com.pingidentity.pf.access.token.management.plugins.JwtBearerAccessTokenManagementPlugin</con:item>
        <con:item name="ref">org.sourceid.oauth20.token.plugin.impl.ReferenceBearerAccessTokenManagementPlugin</con:item>
    </con:map>
    <con:item name="bearer-access-token-management-plugins-default">AnyCompanyAT</con:item>
    <con:map name="bearer-access-token-management-plugin-sequence">
        <con:item name="ref">3</con:item>
        <con:item name="AnyCompanyAT">1</con:item>
        <con:item name="jwt">2</con:item>
    </con:map>
</con:config>