<?xml version="1.0" encoding="UTF-8"?>
<con:config xmlns:con="http://www.sourceid.org/2004/05/config">
    <con:map name="saml2-subject-name-formats">
        <!--<con:item name="saml2:custom:subject:format:1:description">saml2:custom:subject:format:1:value</con:item>-->
    </con:map>
    <con:map name="saml11-subject-name-formats">
        <!--<con:item name="saml11:custom:subject:format:1:description">saml11:custom:subject:format:1:value</con:item>-->
    </con:map>
    <con:map name="saml10-subject-name-formats">
        <!--<con:item name="saml10:custom:subject:format:1:description">saml10:custom:subject:format:1:value</con:item>-->
    </con:map>
    <con:map name="attribute-name-formats">
        <!--<con:item name="custom:attribute:format:1:description">saml2:custom:attribute:format:1:value</con:item>-->
        <con:item name="http://schemas.microsoft.com/LiveID/Federation/2008/05">http://schemas.microsoft.com/LiveID/Federation/2008/05</con:item>
        <con:item name="urn:mace:shibboleth:1.0:attributeNamespace:uri">urn:mace:shibboleth:1.0:attributeNamespace:uri</con:item>
    </con:map>
    <con:map name="sts-attribute-namespaces">
        <con:item name="http://schemas.xmlsoap.org/ws/2005/05/identity/claims">http://schemas.xmlsoap.org/ws/2005/05/identity/claims</con:item>
        <con:item name="http://schemas.microsoft.com/ws/2008/06/identity/claims">http://schemas.microsoft.com/ws/2008/06/identity/claims</con:item>
        <con:item name="http://schemas.microsoft.com/LiveID/Federation/2008/05">http://schemas.microsoft.com/LiveID/Federation/2008/05</con:item>
        <con:item name="http://schemas.microsoft.com/claims">http://schemas.microsoft.com/claims</con:item>
        <con:item name="http://schemas.microsoft.com/identity/claims">http://schemas.microsoft.com/identity/claims</con:item>
        <con:item name="http://schemas.microsoft.com/ws/2012/01">http://schemas.microsoft.com/ws/2012/01</con:item>
    </con:map>
</con:config>