<?xml version="1.0" encoding="UTF-8"?>
<con:config xmlns:con="http://www.sourceid.org/2004/05/config">
    <con:item name="default-scope-description">Provide access to the following</con:item>
    <con:map name="scope-descriptions">
        <con:item name="updateACCustom">updateACCustom</con:item>
        <con:item name="address">Access to address</con:item>
        <con:item name="edit">Edit permissions</con:item>
        <con:item name="phone">Phone number access</con:item>
        <con:item name="openid">OIDC login</con:item>
        <con:item name="profile">Access to profile</con:item>
        <con:item name="admin">Admin permissions</con:item>
        <con:item name="email">Access to email</con:item>
        <con:item name="searchUsers">searchUsers</con:item>
        <con:item name="urn:pingidentity:scope:manage_profile">urn:pingidentity:scope:manage_profile</con:item>
        <con:item name="DeliveryCo">DeliveryCo</con:item>
    </con:map>
    <con:map name="scope-group-descriptions"/>
    <con:map name="scope-group-mappings"/>
    <con:item name="lastUpdated">1548255192838</con:item>
    <con:list name="dynamic-common-scopes"/>
    <con:map name="exclusive-scope-descriptions"/>
    <con:list name="dynamic-exclusive-scopes"/>
    <con:map name="exclusive-scope-group-descriptions"/>
    <con:map name="exclusive-scope-group-mappings"/>
</con:config>