<?xml version="1.0" encoding="UTF-8"?>
<con:config xmlns:con="http://www.sourceid.org/2004/05/config">
    <con:map name="IdpAuthnAdapterInstances">
        <con:item name="AnyCompanyPingIDSDKAdapter">com.pingidentity.adapters.pingid.PingIDSDKAdapter</con:item>
        <con:item name="HTMLFormSimplePCV">com.pingidentity.adapters.htmlform.idp.HtmlFormIdpAuthnAdapter</con:item>
        <con:item name="AnyCompanyDirectoryForm">com.pingidentity.adapters.htmlform.idp.HtmlFormIdpAuthnAdapter</con:item>
        <con:item name="AnyCompanyPingID">com.pingidentity.adapters.pingid.PingIDAdapter</con:item>
        <con:item name="AnyCompanyNetskopeChangePwd">com.optiv.idsa.integrations.pf.netskope.adapter.idp.NetskopeCPAdapter</con:item>
        <con:item name="AnyCompanyTM">com.pegright.ping.TmxQueryAdapter</con:item>
        <con:item name="AnyCompanyNetskopeCCDB">com.optiv.idsa.integrations.pf.netskope.adapter.idp.NetskopeCCDBAdapter</con:item>
        <con:item name="AnyCompanyFacebook">com.pingidentity.adapters.idp.facebook.FacebookAuthenticationAdapter</con:item>
        <con:item name="AnyCompanySimpleHTML">com.pingidentity.adapters.htmlform.idp.HtmlFormIdpAuthnAdapter</con:item>
        <con:item name="AnyCompanyPingIDNotification">com.pingidentity.adapters.htmlform.idp.HtmlFormIdpAuthnAdapter</con:item>
        <con:item name="AnyCompanyRegistration">com.pingidentity.adapters.htmlform.idp.HtmlFormIdpAuthnAdapter</con:item>
        <con:item name="ModernoPingIDSDK">com.pingidentity.adapters.pingid.PingIDSDKAdapter</con:item>
        <con:item name="AnyCompanyIDDW">iddwDemo.IDDWAdapter</con:item>
        <con:item name="Interset">com.pingidentity.gte.adapter.idp.IntersetAdapter</con:item>
        <con:item name="Refidsample">com.pingidentity.pf.adapters.referenceid.IdpBackchannelReferenceAuthnAdapter</con:item>
        <con:item name="optk">com.pingidentity.adapters.opentoken.IdpAuthnAdapter</con:item>
        <con:item name="comp">com.pingidentity.pf.adapters.composite.CompositeAdapter</con:item>
        <con:item name="jbackhus">com.pingidentity.adapters.htmlform.idp.HtmlFormIdpAuthnAdapter</con:item>
        <con:item name="ADHTML">com.pingidentity.adapters.htmlform.idp.HtmlFormIdpAuthnAdapter</con:item>
        <con:item name="azure">com.pingidentity.adapters.htmlform.idp.HtmlFormIdpAuthnAdapter</con:item>
    </con:map>
    <con:map name="SpAuthnAdapterInstances">
        <con:item name="openToken">com.pingidentity.adapters.opentoken.SpAuthnAdapter</con:item>
        <con:item name="AnyCompanyPortalHome">com.pingidentity.pf.adapters.referenceid.SpBackchannelReferenceAuthnAdapter</con:item>
        <con:item name="dummy">com.pingidentity.adapters.opentoken.SpAuthnAdapter</con:item>
    </con:map>
    <con:map name="IdpAdapterInstanceParents"/>
    <con:map name="SpAdapterInstanceParents"/>
</con:config>