<?xml version="1.0" encoding="UTF-8"?>
<con:config xmlns:con="http://www.sourceid.org/2004/05/config">
    <con:item name="com.pingidentity.crypto.PkCert@cedf3bff:EXPIRED">com.pingidentity.crypto.PkCert@cedf3bff:EXPIRED</con:item>
    <con:item name="com.pingidentity.crypto.PkCert@cedf3bff:FINAL_WARN">com.pingidentity.crypto.PkCert@cedf3bff:FINAL_WARN</con:item>
    <con:item name="com.pingidentity.crypto.PkCert@cedf3bff:INITIAL_WARN">com.pingidentity.crypto.PkCert@cedf3bff:INITIAL_WARN</con:item>
    <con:item name="com.pingidentity.crypto.PkCert@271acd59:EXPIRED">com.pingidentity.crypto.PkCert@271acd59:EXPIRED</con:item>
    <con:item name="com.pingidentity.crypto.PkCert@271acd59:FINAL_WARN">com.pingidentity.crypto.PkCert@271acd59:FINAL_WARN</con:item>
    <con:item name="com.pingidentity.crypto.PkCert@271acd59:INITIAL_WARN">com.pingidentity.crypto.PkCert@271acd59:INITIAL_WARN</con:item>
    <con:item name="com.pingidentity.crypto.PkCert@35cb53bc:EXPIRED">com.pingidentity.crypto.PkCert@35cb53bc:EXPIRED</con:item>
    <con:item name="com.pingidentity.crypto.PkCert@35cb53bc:FINAL_WARN">com.pingidentity.crypto.PkCert@35cb53bc:FINAL_WARN</con:item>
    <con:item name="com.pingidentity.crypto.PkCert@35cb53bc:INITIAL_WARN">com.pingidentity.crypto.PkCert@35cb53bc:INITIAL_WARN</con:item>
    <con:item name="com.pingidentity.crypto.PkCert@b075563a:EXPIRED">com.pingidentity.crypto.PkCert@b075563a:EXPIRED</con:item>
    <con:item name="com.pingidentity.crypto.PkCert@b075563a:FINAL_WARN">com.pingidentity.crypto.PkCert@b075563a:FINAL_WARN</con:item>
    <con:item name="com.pingidentity.crypto.PkCert@b075563a:INITIAL_WARN">com.pingidentity.crypto.PkCert@b075563a:INITIAL_WARN</con:item>
    <con:item name="com.pingidentity.crypto.Cert@8beb9c1:EXPIRED">com.pingidentity.crypto.Cert@8beb9c1:EXPIRED</con:item>
    <con:item name="com.pingidentity.crypto.Cert@8beb9c1:FINAL_WARN">com.pingidentity.crypto.Cert@8beb9c1:FINAL_WARN</con:item>
    <con:item name="com.pingidentity.crypto.Cert@8beb9c1:INITIAL_WARN">com.pingidentity.crypto.Cert@8beb9c1:INITIAL_WARN</con:item>
    <con:item name="com.pingidentity.crypto.PkCert@dab2b561:EXPIRED">com.pingidentity.crypto.PkCert@dab2b561:EXPIRED</con:item>
    <con:item name="com.pingidentity.crypto.PkCert@dab2b561:FINAL_WARN">com.pingidentity.crypto.PkCert@dab2b561:FINAL_WARN</con:item>
    <con:item name="com.pingidentity.crypto.PkCert@dab2b561:INITIAL_WARN">com.pingidentity.crypto.PkCert@dab2b561:INITIAL_WARN</con:item>
    <con:item name="com.pingidentity.crypto.PkCert@dc967821:EXPIRED">com.pingidentity.crypto.PkCert@dc967821:EXPIRED</con:item>
    <con:item name="com.pingidentity.crypto.PkCert@dc967821:FINAL_WARN">com.pingidentity.crypto.PkCert@dc967821:FINAL_WARN</con:item>
    <con:item name="com.pingidentity.crypto.PkCert@dc967821:INITIAL_WARN">com.pingidentity.crypto.PkCert@dc967821:INITIAL_WARN</con:item>
    <con:item name="com.pingidentity.crypto.Cert@e8ec982a:EXPIRED">com.pingidentity.crypto.Cert@e8ec982a:EXPIRED</con:item>
    <con:item name="com.pingidentity.crypto.Cert@e8ec982a:FINAL_WARN">com.pingidentity.crypto.Cert@e8ec982a:FINAL_WARN</con:item>
    <con:item name="com.pingidentity.crypto.Cert@e8ec982a:INITIAL_WARN">com.pingidentity.crypto.Cert@e8ec982a:INITIAL_WARN</con:item>
    <con:item name="com.pingidentity.crypto.PkCert@dbbebe7e:EXPIRED">com.pingidentity.crypto.PkCert@dbbebe7e:EXPIRED</con:item>
    <con:item name="com.pingidentity.crypto.PkCert@dbbebe7e:FINAL_WARN">com.pingidentity.crypto.PkCert@dbbebe7e:FINAL_WARN</con:item>
    <con:item name="com.pingidentity.crypto.PkCert@dbbebe7e:INITIAL_WARN">com.pingidentity.crypto.PkCert@dbbebe7e:INITIAL_WARN</con:item>
    <con:item name="com.pingidentity.crypto.PkCert@fbd912c1:EXPIRED">com.pingidentity.crypto.PkCert@fbd912c1:EXPIRED</con:item>
    <con:item name="com.pingidentity.crypto.PkCert@fbd912c1:FINAL_WARN">com.pingidentity.crypto.PkCert@fbd912c1:FINAL_WARN</con:item>
    <con:item name="com.pingidentity.crypto.PkCert@fbd912c1:INITIAL_WARN">com.pingidentity.crypto.PkCert@fbd912c1:INITIAL_WARN</con:item>
    <con:item name="28ff2cc8277af12c57723e4a6ca43feb:N/A:EXPIRED">28ff2cc8277af12c57723e4a6ca43feb:N/A:EXPIRED</con:item>
    <con:item name="28ff2cc8277af12c57723e4a6ca43feb:N/A:FINAL_WARN">28ff2cc8277af12c57723e4a6ca43feb:N/A:FINAL_WARN</con:item>
    <con:item name="28ff2cc8277af12c57723e4a6ca43feb:N/A:INITIAL_WARN">28ff2cc8277af12c57723e4a6ca43feb:N/A:INITIAL_WARN</con:item>
    <con:item name="d02542d84e3adf7ae65e46acd15802fd:N/A:EXPIRED">d02542d84e3adf7ae65e46acd15802fd:N/A:EXPIRED</con:item>
    <con:item name="d02542d84e3adf7ae65e46acd15802fd:N/A:FINAL_WARN">d02542d84e3adf7ae65e46acd15802fd:N/A:FINAL_WARN</con:item>
    <con:item name="d02542d84e3adf7ae65e46acd15802fd:N/A:INITIAL_WARN">d02542d84e3adf7ae65e46acd15802fd:N/A:INITIAL_WARN</con:item>
    <con:item name="e5bdf16d98fac70e1ed5061dc5e04fb9:https://saml.salesforce.com:EXPIRED">e5bdf16d98fac70e1ed5061dc5e04fb9:https://saml.salesforce.com:EXPIRED</con:item>
    <con:item name="e5bdf16d98fac70e1ed5061dc5e04fb9:https://saml.salesforce.com:FINAL_WARN">e5bdf16d98fac70e1ed5061dc5e04fb9:https://saml.salesforce.com:FINAL_WARN</con:item>
    <con:item name="e5bdf16d98fac70e1ed5061dc5e04fb9:https://saml.salesforce.com:INITIAL_WARN">e5bdf16d98fac70e1ed5061dc5e04fb9:https://saml.salesforce.com:INITIAL_WARN</con:item>
    <con:item name="c17bb5f64af7b885058593e2bc00a73a:N/A:EXPIRED">c17bb5f64af7b885058593e2bc00a73a:N/A:EXPIRED</con:item>
    <con:item name="c17bb5f64af7b885058593e2bc00a73a:N/A:FINAL_WARN">c17bb5f64af7b885058593e2bc00a73a:N/A:FINAL_WARN</con:item>
    <con:item name="c17bb5f64af7b885058593e2bc00a73a:N/A:INITIAL_WARN">c17bb5f64af7b885058593e2bc00a73a:N/A:INITIAL_WARN</con:item>
    <con:item name="08b4ef1179f5906665074e4fcaf05475:https://cmuir-sf-dev-ed.my.salesforce.com?so=00D41000000FVkL:EXPIRED">08b4ef1179f5906665074e4fcaf05475:https://cmuir-sf-dev-ed.my.salesforce.com?so=00D41000000FVkL:EXPIRED</con:item>
    <con:item name="08b4ef1179f5906665074e4fcaf05475:https://cmuir-sf-dev-ed.my.salesforce.com?so=00D41000000FVkL:FINAL_WARN">08b4ef1179f5906665074e4fcaf05475:https://cmuir-sf-dev-ed.my.salesforce.com?so=00D41000000FVkL:FINAL_WARN</con:item>
    <con:item name="08b4ef1179f5906665074e4fcaf05475:https://cmuir-sf-dev-ed.my.salesforce.com?so=00D41000000FVkL:INITIAL_WARN">08b4ef1179f5906665074e4fcaf05475:https://cmuir-sf-dev-ed.my.salesforce.com?so=00D41000000FVkL:INITIAL_WARN</con:item>
    <con:item name="11f93655d90f4c11bef8db9e83b5f97e:N/A:EXPIRED">11f93655d90f4c11bef8db9e83b5f97e:N/A:EXPIRED</con:item>
    <con:item name="11f93655d90f4c11bef8db9e83b5f97e:N/A:FINAL_WARN">11f93655d90f4c11bef8db9e83b5f97e:N/A:FINAL_WARN</con:item>
    <con:item name="11f93655d90f4c11bef8db9e83b5f97e:N/A:INITIAL_WARN">11f93655d90f4c11bef8db9e83b5f97e:N/A:INITIAL_WARN</con:item>
    <con:item name="5458f0894ee0d56e2c1c67155fb34e2a:N/A:FINAL_WARN">5458f0894ee0d56e2c1c67155fb34e2a:N/A:FINAL_WARN</con:item>
    <con:item name="5458f0894ee0d56e2c1c67155fb34e2a:N/A:INITIAL_WARN">5458f0894ee0d56e2c1c67155fb34e2a:N/A:INITIAL_WARN</con:item>
    <con:item name="71bd395bc71b29d6b0dfe07025a13549:N/A:FINAL_WARN">71bd395bc71b29d6b0dfe07025a13549:N/A:FINAL_WARN</con:item>
    <con:item name="71bd395bc71b29d6b0dfe07025a13549:N/A:INITIAL_WARN">71bd395bc71b29d6b0dfe07025a13549:N/A:INITIAL_WARN</con:item>
    <con:item name="5458f0894ee0d56e2c1c67155fb34e2a:N/A:EXPIRED">5458f0894ee0d56e2c1c67155fb34e2a:N/A:EXPIRED</con:item>
    <con:item name="71bd395bc71b29d6b0dfe07025a13549:N/A:EXPIRED">71bd395bc71b29d6b0dfe07025a13549:N/A:EXPIRED</con:item>
    <con:item name="071d9d7db6dcecddc45f1d2105dbc216:N/A:EXPIRED">071d9d7db6dcecddc45f1d2105dbc216:N/A:EXPIRED</con:item>
    <con:item name="071d9d7db6dcecddc45f1d2105dbc216:N/A:FINAL_WARN">071d9d7db6dcecddc45f1d2105dbc216:N/A:FINAL_WARN</con:item>
    <con:item name="071d9d7db6dcecddc45f1d2105dbc216:N/A:INITIAL_WARN">071d9d7db6dcecddc45f1d2105dbc216:N/A:INITIAL_WARN</con:item>
</con:config>