<?xml version="1.0" encoding="UTF-8"?>
<con:config xmlns:con="http://www.sourceid.org/2004/05/config">
    <con:map name="https://saml.salesforce.com"/>
    <con:map name="Https://httpbin.org/anything"/>
    <con:map name="sfdcprovisioning"/>
    <con:map name="provisionJITIDP"/>
    <con:map name="provisionJITIDPFedhub2"/>
    <con:map name="https://preprod1.maxconnector.com/preprod-axn/axn"/>
    <con:map name="https://gpportal.purple.int:443/SAML20/SP"/>
    <con:map name="Test:connection"/>
    <con:map name="https://anycompany.salesforce.com"/>
    <con:map name="https://pingone.com/idp/cd-861690871.pingidentity"/>
    <con:map name="https://auth.pingone.com/ebbc9052-1908-4a9c-b5c3-52f83adb8639"/>
    <con:map name="https://saml2.salesforce.com"/>
    <con:map name="HeartBeatIDP"/>
    <con:map name="provisionJITSPfedhub"/>
    <con:map name="inboundprovisioner"/>
    <con:map name="provisionJITSP"/>
    <con:map name="heartbeatrefid"/>
    <con:map name="urn:federation:MicrosoftOnline2"/>
    <con:map name="urn:federation:MicrosoftOnline"/>
    <con:map name="https://auth.pingone.com/2fb151ee-40a0-4e9c-9af0-09a6117dc289/as"/>
    <con:map name="jbackhus"/>
    <con:map name="provisionJITIDPFedhub"/>
    <con:map name="https://auth.pingone.com/9e2f2f0c-f9fa-46da-b6f0-7eda4d3ccca2/as"/>
    <con:map name="IAMShowcase"/>
    <con:map name="https://cmuir.com"/>
    <con:map name="Fedhub-sp:saml23"/>
    <con:map name="079c6baa-a7f7-496a-bab5-b9c28bf7e736"/>
    <con:map name="https://accounts.google.com"/>
    <con:map name="https://login.salesforce.com?so=00D41000000FVkL"/>
    <con:map name="provisionJITSPbackup"/>
    <con:map name="http://pingone.com/076f8887-7e34-4731-ac02-a6928819c7d7"/>
    <con:map name="https://sso.connect.pingidentity.com/275f28b1-2870-4bca-8dea-e99168721d51"/>
    <con:map name="urn:anycompany:saml3"/>
    <con:map name="urn:anycompany:saml2"/>
    <con:map name="https://preprod1.maxconnector.com/preprod-axn"/>
    <con:map name="Heartbeat"/>
    <con:map name="http://pingone.com/b2552a80-21bc-4686-917b-e8a9e95e3978"/>
    <con:map name="hub.acme.com"/>
    <con:map name="PAN"/>
    <con:map name="PingConnect"/>
    <con:map name="https://accounts.google.com/o/saml2?idpid=C02oo86y1"/>
    <con:map name="https://cmuir-sf-dev-ed.my.salesforce.com?so=00D41000000FVkL"/>
</con:config>