<?xml version="1.0" encoding="UTF-8"?>
<config xmlns="http://www.sourceid.org/2004/05/config">
    <!--Dsig keystore information: name and password-->
    <item name="DsigKeystoreName">ping-dsig.jks</item>
    <item name="DsigKeystorePassword">eyJhbGciOiJkaXIiLCJlbmMiOiJBMTI4Q0JDLUhTMjU2Iiwia2lkIjoiNDFPUlBRSUJrYSIsInZlcnNpb24iOiI4LjMuMC4xIn0..3JCa2Z3XWlYCjT1MXwJrtg.Q4olFV9HmFbBYNDp7kaqcmKVNfaM1OFHQj7dlVLLXh4.YbmKuHZPHnraBuwWfEQxDg</item>
    <!--Do not modify-->
    <item name="DsigKeystoreType2">default</item>
    <!--Map of Dsig keystore aliases to passwords; the system uses this map
     to open private keys for generating signatures, X509
     authentication, etc. For each item, the name of the item maps
     to the alias of a private key, and the value of the item is the
     password to that particular key.-->
    <map name="DsigPrivateKeyPasswords">
        <item name="edzorn2otjv1wtpvovwr51up1">eyJhbGciOiJkaXIiLCJlbmMiOiJBMTI4Q0JDLUhTMjU2Iiwia2lkIjoiNDFPUlBRSUJrYSIsInZlcnNpb24iOiI4LjMuMC4xIn0..xVRad1ieDjxyoGm1wHByTw.Js3nkKf78dPQlRuYdKr9NQ.-tJIAKmxjubSejK6kv9Y8g</item>
        <item name="b26ptoh0fvjgoef8h0wzn8oaz">eyJhbGciOiJkaXIiLCJlbmMiOiJBMTI4Q0JDLUhTMjU2Iiwia2lkIjoiNDFPUlBRSUJrYSIsInZlcnNpb24iOiI4LjQuMS4wIn0..DDcH1W0zVRhmx0d5M1q5BQ.FMs8qbzdyZZGYSttAimw7Q.wkkeIoBYQ4AemVLJylwJFQ</item>
        <item name="jc3fjkiryvwjgiuyofmghfq8t">eyJhbGciOiJkaXIiLCJlbmMiOiJBMTI4Q0JDLUhTMjU2Iiwia2lkIjoiNDFPUlBRSUJrYSIsInZlcnNpb24iOiI4LjMuMC4xIn0.._VL7r8kI8fDW3zjBS_69Ow.-lM4MylgjICv8qTnWyVLLQ.-R1BsBLcpjIUh3M6YuMhYg</item>
        <item name="hnp6kcoo0e5xdvqyp8iipkcil">eyJhbGciOiJkaXIiLCJlbmMiOiJBMTI4Q0JDLUhTMjU2Iiwia2lkIjoiNDFPUlBRSUJrYSIsInZlcnNpb24iOiI5LjIuMi4wIn0..NIpQyH7bKHkY3-jyNCNY3A.uK6PkNXgFo276JPh9T_fJTYpNCGy8RNnK82nxur89c0.FvcvQSTq9tkTlakzEXVkJg</item>
    </map>
    <!--DSIG HSM Keystore information: name and password-->
    <item name="DsigHSMKeystoreName">ping-dsig.hsmks</item>
    <item name="DsigHSMKeystorePassword"/>
    <item name="DsigHSMKeystoreType2">default</item>
    <!--Map of Dsig keystore aliases to passwords; the system uses this map
     to open private keys for generating signatures, X509
     authentication, etc. For each item, the name of the item maps
     to the alias of a private key and the value of the item is the
     password to that particular key-->
    <map name="DsigHSMPrivateKeyPasswords"/>
    <!--SSL Keystore information: name and password-->
    <item name="SslKeystoreName">ping-ssl.jks</item>
    <item name="SslKeystorePassword">eyJhbGciOiJkaXIiLCJlbmMiOiJBMTI4Q0JDLUhTMjU2Iiwia2lkIjoiNDFPUlBRSUJrYSIsInZlcnNpb24iOiI4LjMuMC4xIn0..GrINLuObzLGTM1JraQU6TQ.NSXE1_x2K8FV0I3uI5UcYShfGpmw4bcs4D5sxLhXTaY.IVQcx-09XSfxp3HdDU6jrA</item>
    <!--Do not modify-->
    <item name="SslKeystoreType2">default</item>
    <!--Map of SSL client auth keystore aliases to passwords; the system uses this map
     to open private keys for generating signatures, X509
     authentication, etc. For each item, the name of the item maps
     to the alias of a private key and the value of the item is the
     password to that particular key-->
    <map name="SslPrivateKeyPasswords"/>
    <!--SSL HSM Keystore information: name and password-->
    <item name="SslHSMKeystoreName">ping-ssl.hsmks</item>
    <item name="SslHSMKeystorePassword"/>
    <!--Do not modify-->
    <item name="SslHSMKeystoreType2">default</item>
    <!--Map of SSL client auth keystore aliases to passwords; the system uses this map
     to open private keys for generating signatures, X509
     authentication, etc. For each item, the name of the item maps
     to the alias of a private key and the value of the item is the
     password to that particular key-->
    <map name="SslHSMPrivateKeyPasswords"/>
    <!--SSL Server Keystore information: name and password-->
    <item name="SslServerKeystoreName">ping-ssl-server.jks</item>
    <item name="SslServerKeystorePassword">eyJhbGciOiJkaXIiLCJlbmMiOiJBMTI4Q0JDLUhTMjU2Iiwia2lkIjoiNDFPUlBRSUJrYSIsInZlcnNpb24iOiI4LjMuMC4xIn0..VDNvFiX0IhCyBppCS7Gtvw.l9WIjIi8qHprtQPZ7XfZCoXopvZkPMOymmRt2DI0s1k.2q-1vVaCA46WPDkjcKTqkg</item>
    <!--Do not modify-->
    <item name="SslServerKeystoreType2">default</item>
    <!--Map of SSL Server keystore aliases to passwords; the system uses this map
         to open private keys for generating signatures, X509
         authentication, etc. For each item, the name of the item maps
         to the alias of a private key and the value of the item is the
         password to that particular key-->
    <map name="SslServerPrivateKeyPasswords">
        <item name="ve63x61g4adfd1eq139zgkfbr">eyJhbGciOiJkaXIiLCJlbmMiOiJBMTI4Q0JDLUhTMjU2Iiwia2lkIjoiNDFPUlBRSUJrYSIsInZlcnNpb24iOiI5LjIuMC4xMCJ9..GRDkivjBCzUtb8qVjwt-qg.auEWpHywfMv7zrDeU3pE3_94dDGY5tk1IMC7IPXo1sk.-xbaZe4lhF8UOhsmrpmg9w</item>
        <item name="rgaby1z9iyfwxm921yd21jxym">eyJhbGciOiJkaXIiLCJlbmMiOiJBMTI4Q0JDLUhTMjU2Iiwia2lkIjoiNDFPUlBRSUJrYSIsInZlcnNpb24iOiI5LjIuMi4wIn0..6ojgq-8p0q6HqzSO18ft4Q.ZPmCzXcuWL_GoFipEwOFTJbRhDd1Tr3eF-XjNIMjR5s.BkFuOqCOiHqp2ia0T2C01Q</item>
    </map>
    <!--SSL HSM Server Keystore information: name and password-->
    <item name="SslServerHSMKeystoreName">ping-ssl-server.hsmks</item>
    <item name="SslServerHSMKeystorePassword"/>
    <!--Do not modify-->
    <item name="SslServerHSMKeystoreType2">default</item>
    <!--Map of SSL Server keystore aliases to passwords; the system uses this map
         to open private keys for generating signatures, X509
         authentication, etc. For each item, the name of the item maps
         to the alias of a private key and the value of the item is the
         password to that particular key-->
    <map name="SslServerHSMPrivateKeyPasswords"/>
    <!--Truststore Keystore information: name and password-->
    <item name="TrustKeystoreName">ping-trust.jks</item>
    <item name="TrustKeystorePassword">eyJhbGciOiJkaXIiLCJlbmMiOiJBMTI4Q0JDLUhTMjU2Iiwia2lkIjoiNDFPUlBRSUJrYSIsInZlcnNpb24iOiI4LjMuMC4xIn0..-wAubjbuTT0dhItOhIFOIg.f9S7Ymw8O6bna51ZHIf25B0NhcE-DvfiBM5qvOytxEM.mYuFWP2aOhCDSkdKx5K5-g</item>
    <!--You can specify a key store type here. Available keystore types are
          JKS     - Java Keystore
          nCipher.sworld - nCipher keystore
          default - let the system select a keystore type for you. For Luna HSM 6, JKS is used.
                    For nCipher, nCipher.sworld is used. Otherwise, JKS is used-->
    <item name="TrustKeystoreType2">default</item>
    <!--Truststore HSM Keystore information: name and password-->
    <item name="TrustHSMKeystoreName">ping-trust.hsmks</item>
    <item name="TrustHSMKeystorePassword"/>
    <!--You can specify a key store type here. Available keystore types are
          JKS     - Java Keystore
          nCipher.sworld - nCipher keystore
          default - let the system select a keystore type for you. For Luna HSM 6, JKS is used.
                    For nCipher, nCipher.sworld is used. Otherwise, JKS is used-->
    <item name="TrustHSMKeystoreType2">default</item>
    <!--General keystore information: name and password-->
    <item name="GeneralKeystoreName">ping-general.jks</item>
    <item name="GeneralKeystorePassword">eyJhbGciOiJkaXIiLCJlbmMiOiJBMTI4Q0JDLUhTMjU2Iiwia2lkIjoiNDFPUlBRSUJrYSIsInZlcnNpb24iOiI4LjMuMC4xIn0..Sjus5V8Eqlvy8RVGJ5xPuA.G-zu6BvVa5KHQb0F3SX9QtbYJrle0DnjGhmnALPz66A.LzZ5m6X7oBXXxKZ2SXfrSA</item>
    <!--Do not modify-->
    <item name="GeneralKeystoreType2">default</item>
    <!--Map of General keystore aliases to passwords; the system uses this map
     to open private keys for generating signatures, X509
     authentication, etc. For each item, the name of the item maps
     to the alias of a private key, and the value of the item is the
     password to that particular key.-->
    <map name="GeneralPrivateKeyPasswords">
        <item name="42ylwvzns96o2krdgoi7e7jw2">eyJhbGciOiJkaXIiLCJlbmMiOiJBMTI4Q0JDLUhTMjU2Iiwia2lkIjoiNDFPUlBRSUJrYSIsInZlcnNpb24iOiI4LjMuMC4xIn0..Ko4wgVbUbo1hqNtdPggBqQ.83tmKQ17oG9KNXUWKecd4g.22stmMfep_CkdU132JWq-Q</item>
    </map>
    <!--General HSM keystore information: name and password-->
    <item name="GeneralHSMKeystoreName">ping-general.hsmks</item>
    <item name="GeneralHSMKeystorePassword"/>
    <!--Do not modify-->
    <item name="GeneralHSMKeystoreType2">default</item>
    <!--Map of General keystore aliases to passwords; the system uses this map
     to open private keys for generating signatures, X509
     authentication, etc. For each item, the name of the item maps
     to the alias of a private key, and the value of the item is the
     password to that particular key.-->
    <map name="GeneralHSMPrivateKeyPasswords"/>
</config>