<?xml version="1.0" encoding="UTF-8"?>
<con:config xmlns:con="http://www.sourceid.org/2004/05/config">
    <con:item name="AutoCreateCertOnEngineNode">true</con:item>
    <con:list name="ActiveAdminServerAliases">
        <con:ListItem>ve63x61g4adfd1eq139zgkfbr</con:ListItem>
    </con:list>
    <con:list name="ActiveServerAliases">
        <con:ListItem>ve63x61g4adfd1eq139zgkfbr</con:ListItem>
    </con:list>
    <con:item name="DefaultActiveServerAlias">ve63x61g4adfd1eq139zgkfbr</con:item>
    <con:item name="DefaultActiveAdminServerAlias">ve63x61g4adfd1eq139zgkfbr</con:item>
</con:config>