<?xml version="1.0" encoding="UTF-8"?>
<c:config xmlns:c="http://www.sourceid.org/2004/05/config">
    <!--Data store ID-->
    <c:item name="PingFederateDSJNDIName">PFDefaultDS</c:item>
    <!--Encrypt user attributes that will be stored in the database?-->
    <c:item name="EncryptUserAttributes">true</c:item>
    <!--Batch size for expired grant cleanup operations-->
    <c:item name="ExpiredGrantBatchSize">500</c:item>
    <!--Maximum number of persistent grants allowed to store in the database per user,
        client and grant type and authentication context qualifier.

        Setting this to a value <= 0 will turn this limit off

        Default configuration:
        <c:item name="maxPersistentGrants">100</c:item>-->
    <!--Maximum number of persistent grants to delete when max allowed is reached
        during new grant creation.

        Setting this to a value <= 0 will turn this limit off
        Default configuration:
        <c:item name="maxPersistentGrantsToRemoveBatchSize">50</c:item>-->
</c:config>