<?xml version="1.0" encoding="UTF-8"?>
<con:config xmlns:con="http://www.sourceid.org/2004/05/config">
    <con:item name="ApplicationDockEndpoint">https://desktop.pingone.com/anycompany</con:item>
    <con:item name="ProvisioningBaseUrl">https://scim.connect.pingidentity.com/prov-service</con:item>
    <con:item name="KeyPairAlias">42ylwvzns96o2krdgoi7e7jw2</con:item>
    <con:item name="ClientId">91ef516e-b0ef-472f-87ea-ec194861535b</con:item>
    <con:item name="AccountId">b2552a80-21bc-4686-917b-e8a9e95e3978</con:item>
    <con:item name="CompanyName">Ping</con:item>
    <con:item name="Associated">true</con:item>
</con:config>