<?xml version="1.0" encoding="UTF-8"?>
<c:config xmlns:c="http://www.sourceid.org/2004/05/config">
    <c:item name="SigningKeyPairLifetimeDays">1095</c:item>
    <c:item name="SigningKeyPairRotationBufferMins">129600</c:item>
    <c:item name="SigningKeyPairActivationBufferMins">43200</c:item>
    <c:list name="ProvisioningFieldCodes">
        <c:ListItem>userName</c:ListItem>
        <c:ListItem>title</c:ListItem>
        <c:ListItem>givenName</c:ListItem>
        <c:ListItem>middleName</c:ListItem>
        <c:ListItem>familyName</c:ListItem>
        <c:ListItem>honorificSuffix</c:ListItem>
        <c:ListItem>displayName</c:ListItem>
        <c:ListItem>email</c:ListItem>
        <c:ListItem>emailType</c:ListItem>
        <c:ListItem>ldapAttributesMap</c:ListItem>
    </c:list>
</c:config>