<?xml version="1.0" encoding="UTF-8"?>
<con:config xmlns:con="http://www.sourceid.org/2004/05/config">
    <con:map name="password-credential-validators">
        <con:item name="UserPass">org.sourceid.saml20.domain.SimpleUsernamePasswordCredentialValidator</con:item>
        <con:item name="AnyCompanyPingDirectory">org.sourceid.saml20.domain.LDAPUsernamePasswordCredentialValidator</con:item>
        <con:item name="AdminPass">org.sourceid.saml20.domain.SimpleUsernamePasswordCredentialValidator</con:item>
        <con:item name="alwaysPassPCV">com.pingidentity.passwordcredentialvalidator.TestPasswordCredentialValidator</con:item>
        <con:item name="jbackhus">org.sourceid.saml20.domain.LDAPUsernamePasswordCredentialValidator</con:item>
        <con:item name="ADPCV">org.sourceid.saml20.domain.LDAPUsernamePasswordCredentialValidator</con:item>
        <con:item name="azure">com.pingidentity.adapters.pcv.azure.AzurePasswordCredentialValidator</con:item>
    </con:map>
</con:config>