<?xml version="1.0" encoding="UTF-8"?>
<urn:PluginConfiguration isInheritExtendedContractAttributes="false" name="AnyCompanyHTMLSelector" xmlns:urn="urn:sourceid.org:saml2:adapter:conf">
    <urn:Fields>
        <urn:Field name="Enable 'No Session' Result Value">true</urn:Field>
    </urn:Fields>
    <urn:AdvancedFields/>
    <urn:Tables>
        <urn:Table name="Authentication Sources">
            <urn:Row>
                <urn:Field name="Authentication Source">idp-adapter|AnyCompanyDirectoryForm</urn:Field>
                <urn:Field name="Result Value">Normal</urn:Field>
            </urn:Row>
            <urn:Row>
                <urn:Field name="Authentication Source">idp-adapter|AnyCompanyRegistration</urn:Field>
                <urn:Field name="Result Value">Registration</urn:Field>
            </urn:Row>
            <urn:Row>
                <urn:Field name="Authentication Source">idp-conn|SF2fNgxtmk8mbGVnnd9we0Nq-XE</urn:Field>
                <urn:Field name="Result Value">google</urn:Field>
            </urn:Row>
            <urn:Row>
                <urn:Field name="Authentication Source">idp-adapter|AnyCompanyFacebook</urn:Field>
                <urn:Field name="Result Value">Facebook</urn:Field>
            </urn:Row>
        </urn:Table>
    </urn:Tables>
</urn:PluginConfiguration>