<?xml version="1.0" encoding="UTF-8"?>
<urn:PluginConfiguration isInheritExtendedContractAttributes="false" name="PA Step Up Authentication" xmlns:urn="urn:sourceid.org:saml2:adapter:conf">
    <urn:Fields>
        <urn:Field name="Add or Update AuthN Context Attribute">true</urn:Field>
    </urn:Fields>
    <urn:AdvancedFields/>
    <urn:Tables/>
    <urn:ExtendedContractAttributes>
        <urn:AttributeName>pingid2</urn:AttributeName>
        <urn:AttributeName>htmlForm</urn:AttributeName>
        <urn:AttributeName>iddw</urn:AttributeName>
    </urn:ExtendedContractAttributes>
</urn:PluginConfiguration>