<?xml version="1.0" encoding="UTF-8"?>
<urn:PluginConfiguration isInheritExtendedContractAttributes="false" name="PingIDSDK" xmlns:urn="urn:sourceid.org:saml2:adapter:conf">
    <urn:Fields>
        <urn:Field name="HTTP Request Parameter Name">withSDK</urn:Field>
        <urn:Field name="Case-Sensitive Matching">true</urn:Field>
    </urn:Fields>
    <urn:AdvancedFields/>
    <urn:Tables/>
    <urn:ExtendedContractAttributes>
        <urn:AttributeName>true</urn:AttributeName>
        <urn:AttributeName>false</urn:AttributeName>
    </urn:ExtendedContractAttributes>
</urn:PluginConfiguration>