<?xml version="1.0" encoding="UTF-8"?>
<urn:PluginConfiguration isInheritExtendedContractAttributes="false" name="RequestSelector" xmlns:urn="urn:sourceid.org:saml2:adapter:conf">
    <urn:Fields>
        <urn:Field name="HTTP Request Parameter Name">authnMethod</urn:Field>
        <urn:Field name="Case-Sensitive Matching">true</urn:Field>
    </urn:Fields>
    <urn:AdvancedFields/>
    <urn:Tables/>
    <urn:ExtendedContractAttributes>
        <urn:AttributeName>facebook</urn:AttributeName>
        <urn:AttributeName>google</urn:AttributeName>
        <urn:AttributeName>registration</urn:AttributeName>
        <urn:AttributeName>idw</urn:AttributeName>
        <urn:AttributeName>htmlForm</urn:AttributeName>
    </urn:ExtendedContractAttributes>
</urn:PluginConfiguration>