<?xml version="1.0" encoding="UTF-8"?>
<urn:Source2TargetPluginMappings xmlns:urn="urn:pingidentity.com:pf:src2tgt">
    <urn:Source2TargetPluginMapping sourcePluginId="AnyCompanyDirectoryForm" targetPluginId="AnyCompanyPortalHome" countForLicense="true" defaultTargetResource="http://pingidhosting.anycompany.org:8080/hosting-server/jsp/login.jsp">
        <urn:AttributeMapping>
            <urn1:AttributeMap Name="subject" Type="Adapter" Value="username" xmlns:urn1="urn:sourceid.org:saml2:metadata-extension:v2"/>
            <urn1:AttributeMap Name="cn" Type="Text" Value="n/a" xmlns:urn1="urn:sourceid.org:saml2:metadata-extension:v2"/>
            <urn1:TokenAuthorizationIssuanceCriteria xmlns:urn1="urn:sourceid.org:saml2:metadata-extension:v2"/>
        </urn:AttributeMapping>
    </urn:Source2TargetPluginMapping>
    <urn:Source2TargetPluginMapping sourcePluginId="AnyCompanyDirectoryForm" targetPluginId="openToken" countForLicense="true">
        <urn:AttributeMapping>
            <urn1:AttributeMap Name="PING_USER" Type="Adapter" Value="givenName" xmlns:urn1="urn:sourceid.org:saml2:metadata-extension:v2"/>
            <urn1:AttributeMap Name="uid" Type="Adapter" Value="username" xmlns:urn1="urn:sourceid.org:saml2:metadata-extension:v2"/>
            <urn1:AttributeMap Name="displayName" Type="Adapter" Value="givenName" xmlns:urn1="urn:sourceid.org:saml2:metadata-extension:v2"/>
            <urn1:AttributeMap Name="subject" Type="Adapter" Value="username" xmlns:urn1="urn:sourceid.org:saml2:metadata-extension:v2"/>
            <urn1:AttributeMap Name="email" Type="Adapter" Value="mail" xmlns:urn1="urn:sourceid.org:saml2:metadata-extension:v2"/>
            <urn1:TokenAuthorizationIssuanceCriteria xmlns:urn1="urn:sourceid.org:saml2:metadata-extension:v2"/>
        </urn:AttributeMapping>
    </urn:Source2TargetPluginMapping>
</urn:Source2TargetPluginMappings>