<?xml version="1.0" encoding="UTF-8"?>
<ldap:ldap-sources xmlns:ldap="http://pingidentity.com/2004/09/ldap-ds">
    <ldap:ldap-source id="LDAP-B0E3F2144BE069C5B28730A2F096BC3E67DAB16A" maskAttributeValues="false" ldapType="PingDirectory" ldapTypeDesc="PingDirectory" testOnBorrow="false" testOnReturn="false" createIfNecessary="true" minIdle="10" maxActive="100" maxWait="-1" timeBetweenEvictionRunsMillis="60000" readTimeoutMillis="3000" connTimeoutMillis="3000" verifyHost="true" dnsTtlMillis="60000" ldapDnsSrvPrefix="_ldap._tcp" ldapsDnsSrvPrefix="_ldaps._tcp">
        <ldap:host>localhost</ldap:host>
        <ldap:principal>cn=dmanager</ldap:principal>
        <ldap:use-ssl>false</ldap:use-ssl>
        <ldap:use-dns-srv-records>false</ldap:use-dns-srv-records>
        <ldap:credentials>eyJhbGciOiJkaXIiLCJlbmMiOiJBMTI4Q0JDLUhTMjU2Iiwia2lkIjoiNDFPUlBRSUJrYSIsInZlcnNpb24iOiI5LjIuMC4xMCJ9..uHDHPqzelQ_AUSTMXrTWzA.0KIA4c7tsLksHW0vfOin5w.dR3BpGPdXr8k9KQixz2w5g</ldap:credentials>
        <ldap:authenticationMeth>simple</ldap:authenticationMeth>
        <ldap:description>10.101.0.244 (cn=dmanager)</ldap:description>
        <ldap:name>10.101.0.244 (cn=dmanager)</ldap:name>
        <ldap:binaryAttributes/>
    </ldap:ldap-source>
    <ldap:ldap-source id="LDAP-06938723D8ECD6BE00CE420D515CCC6B31B66E2C" maskAttributeValues="false" ldapType="ActiveDirectory" ldapTypeDesc="Active Directory" testOnBorrow="false" testOnReturn="false" createIfNecessary="true" minIdle="10" maxActive="100" maxWait="-1" timeBetweenEvictionRunsMillis="60000" readTimeoutMillis="3000" connTimeoutMillis="3000" verifyHost="true" dnsTtlMillis="60000" ldapDnsSrvPrefix="_ldap._tcp" ldapsDnsSrvPrefix="_ldaps._tcp">
        <ldap:host>jbackhus-ldap.ping-eng.com</ldap:host>
        <ldap:principal>CN=administrator,CN=Users,DC=jbackhus-ldap,DC=ping-eng,DC=com</ldap:principal>
        <ldap:use-ssl>false</ldap:use-ssl>
        <ldap:use-dns-srv-records>false</ldap:use-dns-srv-records>
        <ldap:credentials>eyJhbGciOiJkaXIiLCJlbmMiOiJBMTI4Q0JDLUhTMjU2Iiwia2lkIjoiNDFPUlBRSUJrYSIsInZlcnNpb24iOiI5LjIuMC4xMCJ9..xmhDMM3UwyQbivG9DzKwag.ldpQpaE-b_viDT5q5NzL4g.fIui98YBvn1M4whSB3ElqA</ldap:credentials>
        <ldap:authenticationMeth>simple</ldap:authenticationMeth>
        <ldap:description>jbackhus-ldap.ping-eng.com</ldap:description>
        <ldap:name>jbackhus-ldap.ping-eng.com</ldap:name>
        <ldap:binaryAttributes/>
    </ldap:ldap-source>
    <ldap:ldap-source id="LDAP-49631ED19BAC8EE77F69AE17DB6C2F0331DAF102" maskAttributeValues="false" ldapType="PingDirectory" ldapTypeDesc="PingDirectory" testOnBorrow="false" testOnReturn="false" createIfNecessary="true" minIdle="10" maxActive="100" maxWait="-1" timeBetweenEvictionRunsMillis="60000" readTimeoutMillis="3000" connTimeoutMillis="3000" verifyHost="true" dnsTtlMillis="60000" ldapDnsSrvPrefix="_ldap._tcp" ldapsDnsSrvPrefix="_ldaps._tcp">
        <ldap:host>localhost:389</ldap:host>
        <ldap:principal>cn=dmanager</ldap:principal>
        <ldap:use-ssl>false</ldap:use-ssl>
        <ldap:use-dns-srv-records>false</ldap:use-dns-srv-records>
        <ldap:credentials>eyJhbGciOiJkaXIiLCJlbmMiOiJBMTI4Q0JDLUhTMjU2Iiwia2lkIjoiNDFPUlBRSUJrYSIsInZlcnNpb24iOiI5LjIuMC4xMCJ9..gLgdtYiQWFvxx0-P5LLuMg.vzCDbt1tDLEjOpuW0TJBOA.g8jcfTBtbPK57fYCLn080Q</ldap:credentials>
        <ldap:authenticationMeth>simple</ldap:authenticationMeth>
        <ldap:description>localhost</ldap:description>
        <ldap:name>localhost</ldap:name>
        <ldap:binaryAttributes/>
    </ldap:ldap-source>
</ldap:ldap-sources>