<?xml version="1.0" encoding="UTF-8"?>
<ldap:ldap-sources xmlns:ldap="http://pingidentity.com/2004/09/ldap-ds">
    <ldap:ldap-source id="LDAP-B0E3F2144BE069C5B28730A2F096BC3E67DAB16A" maskAttributeValues="false" ldapType="PingDirectory" ldapTypeDesc="PingDirectory" testOnBorrow="false" testOnReturn="false" createIfNecessary="true" minIdle="10" maxActive="100" maxWait="-1" timeBetweenEvictionRunsMillis="60000" readTimeoutMillis="3000" connTimeoutMillis="3000" verifyHost="true" dnsTtlMillis="60000" ldapDnsSrvPrefix="_ldap._tcp" ldapsDnsSrvPrefix="_ldaps._tcp">
        <ldap:host>10.101.0.244</ldap:host>
        <ldap:principal>cn=dmanager</ldap:principal>
        <ldap:use-ssl>false</ldap:use-ssl>
        <ldap:use-dns-srv-records>false</ldap:use-dns-srv-records>
        <ldap:credentials>eyJhbGciOiJkaXIiLCJlbmMiOiJBMTI4Q0JDLUhTMjU2Iiwia2lkIjoiNDFPUlBRSUJrYSIsInZlcnNpb24iOiI5LjIuMi4wIn0..pYruh7vAF0TPjTdnnqTYKg.1vYnK00293Sh1kYki13FsQ.gckJZ1iDfdeYi94Qaj1aLA</ldap:credentials>
        <ldap:authenticationMeth>simple</ldap:authenticationMeth>
        <ldap:description>10.101.0.244 (cn=dmanager)</ldap:description>
        <ldap:name>10.101.0.244 (cn=dmanager)</ldap:name>
        <ldap:binaryAttributes/>
    </ldap:ldap-source>
    <ldap:ldap-source id="LDAP-06938723D8ECD6BE00CE420D515CCC6B31B66E2C" maskAttributeValues="false" ldapType="ActiveDirectory" ldapTypeDesc="Active Directory" testOnBorrow="false" testOnReturn="false" createIfNecessary="true" minIdle="10" maxActive="100" maxWait="-1" timeBetweenEvictionRunsMillis="60000" readTimeoutMillis="3000" connTimeoutMillis="3000" verifyHost="true" dnsTtlMillis="60000" ldapDnsSrvPrefix="_ldap._tcp" ldapsDnsSrvPrefix="_ldaps._tcp">
        <ldap:host>jbackhus-ldap.ping-eng.com</ldap:host>
        <ldap:principal>CN=administrator,CN=Users,DC=jbackhus-ldap,DC=ping-eng,DC=com</ldap:principal>
        <ldap:use-ssl>false</ldap:use-ssl>
        <ldap:use-dns-srv-records>false</ldap:use-dns-srv-records>
        <ldap:credentials>eyJhbGciOiJkaXIiLCJlbmMiOiJBMTI4Q0JDLUhTMjU2Iiwia2lkIjoiNDFPUlBRSUJrYSIsInZlcnNpb24iOiI5LjIuMi4wIn0..b_u74bPgtJMQtsW_9i4oiA.mIk2q90_e9CXOuVGZiW11g.UNGHaYaiwamqHFD9v-zs7Q</ldap:credentials>
        <ldap:authenticationMeth>simple</ldap:authenticationMeth>
        <ldap:description>jbackhus-ldap.ping-eng.com</ldap:description>
        <ldap:name>jbackhus-ldap.ping-eng.com</ldap:name>
        <ldap:binaryAttributes/>
    </ldap:ldap-source>
    <ldap:ldap-source id="LDAP-53F80DC6333113183DC0EF8EA683FAFDE907E2BF" maskAttributeValues="false" ldapType="ActiveDirectory" ldapTypeDesc="Active Directory" testOnBorrow="false" testOnReturn="false" createIfNecessary="true" minIdle="10" maxActive="100" maxWait="-1" timeBetweenEvictionRunsMillis="60000" readTimeoutMillis="3000" connTimeoutMillis="3000" verifyHost="true" dnsTtlMillis="60000" ldapDnsSrvPrefix="_ldap._tcp" ldapsDnsSrvPrefix="_ldaps._tcp">
        <ldap:host>10.101.55.184</ldap:host>
        <ldap:principal>CN=Administrator,CN=Users,DC=pingdemo,DC=local</ldap:principal>
        <ldap:use-ssl>false</ldap:use-ssl>
        <ldap:use-dns-srv-records>false</ldap:use-dns-srv-records>
        <ldap:credentials>eyJhbGciOiJkaXIiLCJlbmMiOiJBMTI4Q0JDLUhTMjU2Iiwia2lkIjoiNDFPUlBRSUJrYSIsInZlcnNpb24iOiI5LjIuMi4wIn0..z6Ohh-lMxIAyeuqozVj1Mw.pHBjrYU3kQKmLudZuZMP1w.2DwLc8vfgMABruBJZVdNcw</ldap:credentials>
        <ldap:authenticationMeth>simple</ldap:authenticationMeth>
        <ldap:description>AD</ldap:description>
        <ldap:name>AD</ldap:name>
        <ldap:binaryAttributes>
            <ldap:binaryAttribute>objectGUID</ldap:binaryAttribute>
        </ldap:binaryAttributes>
    </ldap:ldap-source>
</ldap:ldap-sources>