<?xml version="1.0" encoding="UTF-8"?>
<sk:systemKeys xmlns:sk="http://pingidentity.com/2018/01/system-keys">
    <sk:currentKey>
        <sk:key>eyJhbGciOiJkaXIiLCJlbmMiOiJBMTI4Q0JDLUhTMjU2Iiwia2lkIjoiNDFPUlBRSUJrYSIsInZlcnNpb24iOiI5LjEuMS4wIiwiemlwIjoiREVGIn0..lLh4ezS38dPYrKoJEfvwvw.g5LlP8pBe5ZWZlCoaGvylFOmIkNyKNlX7_rkc-U10viKvnRz3r8jaqMbNup3Rpdj.c565kBcgL4ipTC_FADTYVQ</sk:key>
        <sk:generatedTime>2018-06-28T17:24:28.380Z</sk:generatedTime>
    </sk:currentKey>
    <sk:previousKey xsi:nil="true" xmlns:xsi="http://www.w3.org/2001/XMLSchema-instance"/>
    <sk:pendingKey>
        <sk:key>eyJhbGciOiJkaXIiLCJlbmMiOiJBMTI4Q0JDLUhTMjU2Iiwia2lkIjoiNDFPUlBRSUJrYSIsInZlcnNpb24iOiI5LjEuMS4wIiwiemlwIjoiREVGIn0..RHeV7WBqWhr5iA_z-_7Qcw.D31qlK-N8P2zB-Sdx5vvoJahUJl-nZDb3HR0BIlKzL06F1anAR4M_7EhxU4CE0yo.2m2f6Rp8oug7niyhz5Q5UQ</sk:key>
        <sk:generatedTime>2018-06-28T17:24:28.380Z</sk:generatedTime>
    </sk:pendingKey>
</sk:systemKeys>