<?xml version="1.0" encoding="UTF-8"?>
<adm:administrative-users xmlns:adm="http://pingidentity.com/2006/01/admin-users">
    <adm:user>
        <adm:user-name>Administrator</adm:user-name>
        <adm:salt/>
        <adm:hash>1eLcUy7xYvPDD1SWPn7mfevblf3jSYbwCjmlWjr9Kr8.4_seeqNh.2</adm:hash>
        <adm:phone-number/>
        <adm:email-address/>
        <adm:department/>
        <adm:description/>
        <adm:admin-manager>true</adm:admin-manager>
        <adm:admin>true</adm:admin>
        <adm:crypto-manager>true</adm:crypto-manager>
        <adm:auditor>false</adm:auditor>
        <adm:active>true</adm:active>
        <adm:password-change-required>false</adm:password-change-required>
    </adm:user>
    <adm:user>
        <adm:user-name>andy</adm:user-name>
        <adm:salt/>
        <adm:hash>nBTSXcBK_us8gHL5X6CtWtDCnr122Ol-hPnYF3wlxH8.Lm2DaL4Q.2</adm:hash>
        <adm:phone-number/>
        <adm:email-address/>
        <adm:department/>
        <adm:description/>
        <adm:admin-manager>true</adm:admin-manager>
        <adm:admin>true</adm:admin>
        <adm:crypto-manager>true</adm:crypto-manager>
        <adm:auditor>false</adm:auditor>
        <adm:active>true</adm:active>
        <adm:password-change-required>false</adm:password-change-required>
    </adm:user>
    <adm:user>
        <adm:user-name>greg</adm:user-name>
        <adm:salt/>
        <adm:hash>ak-bKWWeB6oV6OIc1cZr4rfv4QeyZNMc5SYMU7IuEhg.q14F5KcO.2</adm:hash>
        <adm:phone-number/>
        <adm:email-address>greg.bush@pingidentity.com</adm:email-address>
        <adm:department/>
        <adm:description/>
        <adm:admin-manager>true</adm:admin-manager>
        <adm:admin>true</adm:admin>
        <adm:crypto-manager>true</adm:crypto-manager>
        <adm:auditor>false</adm:auditor>
        <adm:active>true</adm:active>
        <adm:password-change-required>false</adm:password-change-required>
    </adm:user>
    <adm:user>
        <adm:user-name>test</adm:user-name>
        <adm:salt/>
        <adm:hash>iAdhiN2eH9ZBnoWd2JHU0hPCYbzbF25gvpMEMNOKVVg.R6BEcGUR.2</adm:hash>
        <adm:phone-number/>
        <adm:email-address/>
        <adm:department/>
        <adm:description/>
        <adm:admin-manager>false</adm:admin-manager>
        <adm:admin>true</adm:admin>
        <adm:crypto-manager>false</adm:crypto-manager>
        <adm:auditor>false</adm:auditor>
        <adm:active>true</adm:active>
        <adm:password-change-required>false</adm:password-change-required>
    </adm:user>
    <adm:user>
        <adm:user-name>admin</adm:user-name>
        <adm:salt/>
        <adm:hash>cYMhsG-mTJ0yvl0-LXSlH3j5moqkySKguCaiMBwrQ5E.whCBcLKb.2</adm:hash>
        <adm:phone-number/>
        <adm:email-address>cmuir+admin@pingidentity.com</adm:email-address>
        <adm:department/>
        <adm:description/>
        <adm:admin-manager>true</adm:admin-manager>
        <adm:admin>true</adm:admin>
        <adm:crypto-manager>true</adm:crypto-manager>
        <adm:auditor>false</adm:auditor>
        <adm:active>true</adm:active>
        <adm:password-change-required>false</adm:password-change-required>
    </adm:user>
</adm:administrative-users>