<?xml version="1.0" encoding="UTF-8"?>
<EntityDescriptor entityID="urn:anycompany:saml2" cacheDuration="PT1440M" xmlns="urn:oasis:names:tc:SAML:2.0:metadata" xmlns:sid="urn:sourceid.org:saml2:local-metadata-extension:v2">
    <!--This block contains Ping's proprietary endpoints-->
    <Extensions>
        <sid:SourceIDExtension BaseURL="https://sso.pingdemo.org:9031" DynaFedID="" Saml1xId="urn:anycompany:saml1" WsFedID="urn:anycompany:wsfed" Saml1xSrcId="" EnableWsFedIdP="true" EnableWsFedSp="true" EnableSaml20IdP="true" EnableSaml20Sp="true" EnableSaml11Rp="true" EnableSaml11Ap="true" EnableSaml10Rp="true" EnableSaml10Ap="true" EnableSpWsTrustSts="true" EnableInboundProvisioning="true" EnableIdpWsTrustSts="true" EnableX509Discovery="false" EnableIdpDiscovery="true" EnableIdpDynaFed="true" EnableSpDynaFed="true" DisableAutomaticConnectionValidation="false" DataStoreValidationInterval="300" CustomGlobalHttpHeaderName="X-Forwarded-For" ClientIpHeaderIndex="last" ForwardedHostHeaderName="X-Forwarded-Host" ForwardedHostHeaderIndex="last" ProxyTerminatesHttpsConns="false" MetadataSigningKeyAlias="" MetadataSigningAlgorithm="" MetadataSigningKeyMD5Fingerprint="" ConfirmIdpSlo="false" ClientCertSSLHeaderName="" ClientCertChainSSLHeaderName="" EnableOIDCSp="true">
            <sid:LocalPathsDescriptor Suffix=".ping" ResumePathPrefix="/resume">
                <sid:IDPLocalPaths>
                    <!--This endpoint is used by an IdP application to ask
                      this local PingFederate server to initiate a Single
                      Sign On.-->
                    <sid:InitiateSingleSignOn>/idp/startSSO</sid:InitiateSingleSignOn>
                    <!--This endpoint is used by an IdP application to ask
                      this local PingFederate server to initiate a Single
                      Logout for the user session.-->
                    <sid:InitiateSingleLogOut>/idp/startSLO</sid:InitiateSingleLogOut>
                </sid:IDPLocalPaths>
                <sid:SPLocalPaths>
                    <!--This endpoint is used by a SP application to ask
                      this local PingFederate server to initiate a Single
                      Sign On.-->
                    <sid:InitiateSingleSignOn>/sp/startSSO</sid:InitiateSingleSignOn>
                    <!--Initiate SSO with IdP Discovery enabled-->
                    <sid:InitiateCDCSingleSignOn>/sp/cdcstartSSO</sid:InitiateCDCSingleSignOn>
                    <!--This endpoint is used by a SP application to ask
                      this local PingFederate server to initiate a Single
                      Logout for the user SSO session.-->
                    <sid:InitiateSingleLogOut>/sp/startSLO</sid:InitiateSingleLogOut>
                    <!--This endpoint is used by an SP application to ask
                      this PF server to defederate a account link(s).-->
                    <sid:TerminateAccountLinks>/sp/defederate</sid:TerminateAccountLinks>
                    <!--This endpoint is used by a SP application to ask
                      this local PingFederate server to initiate an Attribute
                      Query.-->
                    <sid:InitiateAttributeQuery>/sp/startAttributeQuery</sid:InitiateAttributeQuery>
                </sid:SPLocalPaths>
            </sid:LocalPathsDescriptor>
            <sid:ApplicationURLs>
                <sid:URLGroup name="idp.after.slo" successURL="https://portal.anycompany.org"/>
                <sid:URLGroup name="sp.after.slo" successURL="https://portal.anycompany.org"/>
                <sid:URLGroup name="sp.after.sso" successURL="https://portal.anycompany.org"/>
            </sid:ApplicationURLs>
            <sid:UrlToAdapterMap Url="https://portal.anycompany.org/home.php" TargetType="ADAPTER" AdapterInstance="AnyCompanyPortalHome"/>
            <sid:IdpDiscovery CommonDomainServer="false" IdPCommonDomainClient="false" SPCommonDomainClient="false" WriteCookiePath="/writecookie.cdc" ReadCookiePath="/readcookie.cdc">
                <sid:CommonDomainClient CommonDomainServiceBaseUrl=""/>
                <sid:CommonDomainService CommonDomain="" CookieLifeDays="365"/>
            </sid:IdpDiscovery>
            <sid:ErrPageMsg>errorDetail.idpSsoFailure</sid:ErrPageMsg>
        </sid:SourceIDExtension>
    </Extensions>
    <!--No longer used but needed for xml schema validation-->
    <SPSSODescriptor protocolSupportEnumeration="urn:oasis:names:tc:SAML:2.0:protocol">
        <AssertionConsumerService Location="nope" index="0" Binding="nope"/>
    </SPSSODescriptor>
    <ContactPerson contactType="administrative">
        <Company>Ping Identity</Company>
        <GivenName>curtis</GivenName>
        <EmailAddress>curtis@coachcurtis.org</EmailAddress>
        <TelephoneNumber>972-523-1586</TelephoneNumber>
    </ContactPerson>
</EntityDescriptor>