<?xml version="1.0" encoding="UTF-8"?>
<md:EntityDescriptor entityID="urn:federation:MicrosoftOnline" urn:name="Office 365 SP" ID="HllYsB1cT8b-uw7PKZPSuw_UGpY" urn:LogLevel="STANDARD" urn:isActive="true" xmlns:md="urn:oasis:names:tc:SAML:2.0:metadata" xmlns:urn="urn:sourceid.org:saml2:metadata-extension:v2">
    <md:Extensions>
        <urn:EntityExtension PFVersion="8.4.1.0" LicenseGroup="">
            <urn:DigitialSignatureAliases SigningKeyAlias="jc3fjkiryvwjgiuyofmghfq8t" includeX509inXmlSig="true" includeRawKeyInXmlSig="false" SigningAlgorithm="http://www.w3.org/2000/09/xmldsig#rsa-sha1"/>
            <urn:Encryption>
                <urn:EncryptionPolicy EncryptionAlgorithm="http://www.w3.org/2001/04/xmlenc#aes128-cbc" KeyTransportAlgorithm="http://www.w3.org/2001/04/xmlenc#rsa-oaep-mgf1p" EncryptAssertion="false" EncryptSubjectNameID="false" SLOEncryptSubjectNameID="false"/>
                <urn:DecryptionPolicy AssertionEncrypted="false" SubjectNameIDEncrypted="false" AttributeEncrypted="false" SLOSubjectNameIDEncrypted="false"/>
            </urn:Encryption>
            <urn:ConnectionTemplateProperties/>
            <urn:MetadataUrlId xsi:nil="true" xmlns:xsi="http://www.w3.org/2001/XMLSchema-instance"/>
            <urn:enableAutoMetadataUpdate>false</urn:enableAutoMetadataUpdate>
        </urn:EntityExtension>
    </md:Extensions>
    <md:SPSSODescriptor protocolSupportEnumeration="WSFED" AuthnRequestsSigned="false" WantAssertionsSigned="false">
        <md:Extensions>
            <urn:RoleExtension ArtifactTimeoutSeconds="60" LastModified="2017-02-23T20:02:21.465Z">
                <urn:IncomingBindings Artifact="true" POST="true" Redirect="true" SOAP="true"/>
                <urn:EnabledProfiles IDPInitiatedSSO="true" IDPInitiatedSLO="true" SPInitiatedSSO="true" SPInitiatedSLO="true"/>
                <urn:SP AssertionValidityAfterMinutes="15" AssertionValidityBeforeMinutes="15" ConnectionTargetType="Standard" EnableCDCDuringSSO="false">
                    <urn:AdapterToAssertionMapping AbortIfNotFoundInAnyDataSources="false" RestrictVirtualServerIds="false" AdapterInstanceId="AnyCompanyDirectoryForm">
                        <urn:DefaultAttributeMapping>
                            <urn:AttributeMap Name="UPN" Type="Adapter" Value="mail"/>
                            <urn:AttributeMap Name="ImmutableID" Type="Adapter" Value="anycompanyGUID"/>
                            <urn:AttributeMap Name="SAML_SUBJECT" Type="Adapter" Value="mail"/>
                            <urn:TokenAuthorizationIssuanceCriteria/>
                        </urn:DefaultAttributeMapping>
                    </urn:AdapterToAssertionMapping>
                    <urn:NameIdentifierMappingType IncludeAdditionalAttributes="false" IncludeAdditionalTransientAttributes="false"/>
                    <urn:WsFedSettings>
                        <urn:TokenType>SAML11</urn:TokenType>
                    </urn:WsFedSettings>
                </urn:SP>
            </urn:RoleExtension>
        </md:Extensions>
        <md:SingleLogoutService Binding="wsfed:prp:http:get" Location="https://login.microsoftonline.com/login.srf"/>
        <md:NameIDFormat>http://schemas.xmlsoap.org/claims/UPN</md:NameIDFormat>
        <md:AssertionConsumerService index="1" Location="https://login.microsoftonline.com/login.srf" Binding="wsfed:prp:http:post" isDefault="true"/>
        <md:AttributeConsumingService index="0">
            <md:ServiceName xml:lang="en">AttributeContract</md:ServiceName>
            <md:RequestedAttribute Name="UPN" NameFormat="http://schemas.xmlsoap.org/claims"/>
            <md:RequestedAttribute Name="ImmutableID" NameFormat="http://schemas.microsoft.com/LiveID/Federation/2008/05"/>
        </md:AttributeConsumingService>
    </md:SPSSODescriptor>
    <md:RoleDescriptor protocolSupportEnumeration="urn:oasis:names:tc:SAML:2.0:protocol" xsi:type="urn:PFAvailableCertsRoleDescriptorType" xmlns:xsi="http://www.w3.org/2001/XMLSchema-instance"/>
    <md:ContactPerson contactType="administrative"/>
</md:EntityDescriptor>