<?xml version="1.0" encoding="UTF-8"?>
<md:EntityDescriptor entityID="urn:federation:MicrosoftOnline2" urn:name="urn:federation:MicrosoftOnline2" ID="HllYsB1cT8b-uw7PKZPSuw_UGpY" urn:LogLevel="STANDARD" urn:isActive="true" xmlns:md="urn:oasis:names:tc:SAML:2.0:metadata" xmlns:urn="urn:sourceid.org:saml2:metadata-extension:v2">
    <md:Extensions>
        <urn:EntityExtension PFVersion="9.2.2.0" LicenseGroup="">
            <urn:VirtualIdentity EntityID="https://sso.pingdemo.org:9031/PingFederate2"/>
            <urn:DefaultVirtualIdentity EntityID="https://sso.pingdemo.org:9031/PingFederate2"/>
            <urn:DigitialSignatureAliases SigningKeyAlias="2k4xmuura6yjw8lomor2o6uxw" includeX509inXmlSig="true" includeRawKeyInXmlSig="false" SigningAlgorithm="http://www.w3.org/2000/09/xmldsig#rsa-sha1"/>
            <urn:Encryption>
                <urn:EncryptionPolicy EncryptionAlgorithm="http://www.w3.org/2001/04/xmlenc#aes128-cbc" KeyTransportAlgorithm="http://www.w3.org/2001/04/xmlenc#rsa-oaep-mgf1p" EncryptAssertion="false" EncryptSubjectNameID="false" SLOEncryptSubjectNameID="false"/>
                <urn:DecryptionPolicy AssertionEncrypted="false" SubjectNameIDEncrypted="false" AttributeEncrypted="false" SLOSubjectNameIDEncrypted="false"/>
            </urn:Encryption>
            <urn:ConnectionTemplateProperties/>
            <urn:MetadataUrlId xsi:nil="true" xmlns:xsi="http://www.w3.org/2001/XMLSchema-instance"/>
            <urn:enableAutoMetadataUpdate>false</urn:enableAutoMetadataUpdate>
            <urn:AdditionalAllowedEntitiesConfiguration>
                <urn:AllowAdditionalEntities>false</urn:AllowAdditionalEntities>
                <urn:AllowAllEntities>false</urn:AllowAllEntities>
                <urn:AdditionalAllowedEntities/>
            </urn:AdditionalAllowedEntitiesConfiguration>
        </urn:EntityExtension>
    </md:Extensions>
    <md:SPSSODescriptor protocolSupportEnumeration="WSFED" AuthnRequestsSigned="false" WantAssertionsSigned="false" SignResponseAsRequired="false">
        <md:Extensions>
            <urn:RoleExtension ArtifactTimeoutSeconds="60" LastModified="2019-08-15T14:46:50.451Z">
                <urn:IncomingBindings Artifact="true" POST="true" Redirect="true" SOAP="true"/>
                <urn:EnabledProfiles IDPInitiatedSSO="true" IDPInitiatedSLO="true" SPInitiatedSSO="true" SPInitiatedSLO="true"/>
                <urn:SP AssertionValidityAfterMinutes="15" AssertionValidityBeforeMinutes="15" ConnectionTargetType="Standard" EnableCDCDuringSSO="false">
                    <urn:AdapterToAssertionMapping AbortIfNotFoundInAnyDataSources="false" RestrictVirtualServerIds="false" AdapterInstanceId="AnyCompanyDirectoryForm">
                        <urn:DefaultAttributeMapping>
                            <urn:AttributeMap Name="UPN" Type="Adapter" Value="mail"/>
                            <urn:AttributeMap Name="ImmutableID" Type="Adapter" Value="anycompanyGUID"/>
                            <urn:AttributeMap Name="SAML_SUBJECT" Type="Adapter" Value="mail"/>
                            <urn:TokenAuthorizationIssuanceCriteria/>
                        </urn:DefaultAttributeMapping>
                    </urn:AdapterToAssertionMapping>
                    <urn:NameIdentifierMappingType IncludeAdditionalAttributes="false" IncludeAdditionalTransientAttributes="false"/>
                    <urn:WsFedSettings>
                        <urn:TokenType>SAML11</urn:TokenType>
                    </urn:WsFedSettings>
                </urn:SP>
            </urn:RoleExtension>
        </md:Extensions>
        <md:SingleLogoutService Binding="wsfed:prp:http:get" Location="https://login.microsoftonline.com/login.srf"/>
        <md:NameIDFormat>http://schemas.xmlsoap.org/claims/UPN</md:NameIDFormat>
        <md:AssertionConsumerService index="1" Location="https://login.microsoftonline.com/login.srf" Binding="wsfed:prp:http:post" isDefault="true"/>
        <md:AttributeConsumingService index="0">
            <md:ServiceName xml:lang="en">AttributeContract</md:ServiceName>
            <md:RequestedAttribute Name="UPN" NameFormat="http://schemas.xmlsoap.org/claims"/>
            <md:RequestedAttribute Name="ImmutableID" NameFormat="http://schemas.microsoft.com/LiveID/Federation/2008/05"/>
        </md:AttributeConsumingService>
    </md:SPSSODescriptor>
    <md:RoleDescriptor protocolSupportEnumeration="WSFED" xsi:type="urn:PFSpWsTrustRoleDescriptorType" xmlns:xsi="http://www.w3.org/2001/XMLSchema-instance">
        <md:Extensions>
            <urn:RoleExtension LastModified="2019-08-15T14:46:50.451Z"/>
        </md:Extensions>
        <urn:WsTrustSettings>
            <urn:AppliesTo>urn:federation:MicrosoftOnline44</urn:AppliesTo>
            <urn:TokenType>http://docs.oasis-open.org/wss/oasis-wss-saml-token-profile-1.1#SAMLV1.1O365</urn:TokenType>
            <urn:UseSamlHoK>false</urn:UseSamlHoK>
            <urn:AbortIfNotFulfilledFromRequest>false</urn:AbortIfNotFulfilledFromRequest>
            <urn:EncryptAssertion>false</urn:EncryptAssertion>
            <urn:AssertionValidityBeforeMinutes>5</urn:AssertionValidityBeforeMinutes>
            <urn:AssertionValidityAfterMinutes>30</urn:AssertionValidityAfterMinutes>
            <urn:TokenToAssertionMapping pluginId="UsernameTokenProcessor" RestrictVirtualServerIds="false">
                <urn:AttributeMapping>
                    <urn:AttributeMap Name="UPN" Type="Text" Value="asdf"/>
                    <urn:AttributeMap Name="ImmutableID" Type="Text" Value="asdf"/>
                    <urn:AttributeMap Name="TOKEN_SUBJECT" Type="Token" Value="username"/>
                    <urn:TokenAuthorizationIssuanceCriteria/>
                </urn:AttributeMapping>
            </urn:TokenToAssertionMapping>
            <urn:ExtendedAttributeContract>
                <urn:ExtendedAttribute AttributeName="UPN" MaskValue="false" Namespace="http://schemas.xmlsoap.org/claims"/>
                <urn:ExtendedAttribute AttributeName="ImmutableID" MaskValue="false" Namespace="http://schemas.microsoft.com/LiveID/Federation/2008/05"/>
            </urn:ExtendedAttributeContract>
            <urn:enableOAuthSamlBearer>false</urn:enableOAuthSamlBearer>
        </urn:WsTrustSettings>
    </md:RoleDescriptor>
    <md:RoleDescriptor protocolSupportEnumeration="urn:oasis:names:tc:SAML:2.0:protocol" xsi:type="urn:PFAvailableCertsRoleDescriptorType" xmlns:xsi="http://www.w3.org/2001/XMLSchema-instance"/>
    <md:ContactPerson contactType="administrative"/>
</md:EntityDescriptor>