<?xml version="1.0" encoding="UTF-8"?>
<md:EntityDescriptor entityID="urn:federation:MicrosoftOnline" urn:name="urn:federation:MicrosoftOnline" ID="PZd1l2LBD7Qe4EL_Ez7xw_E7T98" urn:LogLevel="STANDARD" urn:isActive="true" xmlns:md="urn:oasis:names:tc:SAML:2.0:metadata" xmlns:urn="urn:sourceid.org:saml2:metadata-extension:v2">
    <md:Extensions>
        <urn:EntityExtension PFVersion="9.2.2.0" LicenseGroup="">
            <urn:VirtualIdentity EntityID="http://pingdemo.org/PingFederate"/>
            <urn:DefaultVirtualIdentity EntityID="http://pingdemo.org/PingFederate"/>
            <urn:DigitialSignatureAliases SigningKeyAlias="2k4xmuura6yjw8lomor2o6uxw" includeX509inXmlSig="true" includeRawKeyInXmlSig="false" SigningAlgorithm="http://www.w3.org/2001/04/xmldsig-more#rsa-sha256"/>
            <urn:Encryption>
                <urn:EncryptionPolicy EncryptionAlgorithm="http://www.w3.org/2001/04/xmlenc#aes128-cbc" KeyTransportAlgorithm="http://www.w3.org/2001/04/xmlenc#rsa-oaep-mgf1p" EncryptAssertion="false" EncryptSubjectNameID="false" SLOEncryptSubjectNameID="false"/>
                <urn:DecryptionPolicy AssertionEncrypted="false" SubjectNameIDEncrypted="false" AttributeEncrypted="false" SLOSubjectNameIDEncrypted="false"/>
            </urn:Encryption>
            <urn:ConnectionTemplateProperties/>
            <urn:MetadataUrlId xsi:nil="true" xmlns:xsi="http://www.w3.org/2001/XMLSchema-instance"/>
            <urn:enableAutoMetadataUpdate>false</urn:enableAutoMetadataUpdate>
            <urn:AdditionalAllowedEntitiesConfiguration>
                <urn:AllowAdditionalEntities>false</urn:AllowAdditionalEntities>
                <urn:AllowAllEntities>false</urn:AllowAllEntities>
                <urn:AdditionalAllowedEntities/>
            </urn:AdditionalAllowedEntitiesConfiguration>
        </urn:EntityExtension>
    </md:Extensions>
    <md:SPSSODescriptor protocolSupportEnumeration="WSFED" AuthnRequestsSigned="false" WantAssertionsSigned="false" SignResponseAsRequired="false">
        <md:Extensions>
            <urn:RoleExtension ArtifactTimeoutSeconds="60" LastModified="2019-08-26T13:47:17.957Z">
                <urn:IncomingBindings Artifact="true" POST="true" Redirect="true" SOAP="true"/>
                <urn:EnabledProfiles IDPInitiatedSSO="true" IDPInitiatedSLO="true" SPInitiatedSSO="true" SPInitiatedSLO="true"/>
                <urn:SP AssertionValidityAfterMinutes="5" AssertionValidityBeforeMinutes="5" ConnectionTargetType="Standard" EnableCDCDuringSSO="false">
                    <urn:C2cContractToAssertionMapping AbortIfNotFoundInAnyDataSources="false" RestrictVirtualServerIds="false" C2cContractId="tFKJ61FkTaFtmRUV" C2cContractName="AnyCompanyAttrContract">
                        <urn:DefaultAttributeMapping>
                            <urn:AttributeMap Name="UPN" Type="LDAP" AttributeSourceId="AD" Value="userPrincipalName"/>
                            <urn:AttributeMap Name="ImmutableID" Type="LDAP" AttributeSourceId="AD" Value="objectGUID"/>
                            <urn:AttributeMap Name="SAML_SUBJECT" Type="Authentication Policy Contract" Value="subject"/>
                            <urn:AttributeSource Id="AD" Description="AD" Type="LDAP" DataSourceId="LDAP-53F80DC6333113183DC0EF8EA683FAFDE907E2BF">
                                <urn:Parameter Name="filter" Value="sAMAccountName=${subject}"/>
                                <urn:Parameter Name="search_base" Value="CN=Users,DC=sso,DC=pingdemo,DC=local"/>
                                <urn:Parameter Name="search_scope" Value="SUBTREE_SCOPE"/>
                                <urn:Parameter Name="memberof_nested_group" Value="false"/>
                                <urn:BinaryAttributeEncoding Name="objectGUID" Encoding="BASE64"/>
                            </urn:AttributeSource>
                            <urn:TokenAuthorizationIssuanceCriteria/>
                        </urn:DefaultAttributeMapping>
                    </urn:C2cContractToAssertionMapping>
                    <urn:NameIdentifierMappingType IncludeAdditionalAttributes="false" IncludeAdditionalTransientAttributes="false"/>
                    <urn:WsFedSettings>
                        <urn:TokenType>SAML11</urn:TokenType>
                    </urn:WsFedSettings>
                </urn:SP>
            </urn:RoleExtension>
        </md:Extensions>
        <md:SingleLogoutService Binding="wsfed:prp:http:get" Location="https://login.microsoftonline.com/login.srf"/>
        <md:NameIDFormat>http://schemas.xmlsoap.org/claims/UPN</md:NameIDFormat>
        <md:AssertionConsumerService index="1" Location="https://login.microsoftonline.com/login.srf" Binding="wsfed:prp:http:post" isDefault="true"/>
        <md:AttributeConsumingService index="0">
            <md:ServiceName xml:lang="en">AttributeContract</md:ServiceName>
            <md:RequestedAttribute Name="UPN" NameFormat="http://schemas.xmlsoap.org/claims"/>
            <md:RequestedAttribute Name="ImmutableID" NameFormat="http://schemas.microsoft.com/LiveID/Federation/2008/05"/>
        </md:AttributeConsumingService>
    </md:SPSSODescriptor>
    <md:RoleDescriptor protocolSupportEnumeration="WSFED" xsi:type="urn:PFSpWsTrustRoleDescriptorType" xmlns:xsi="http://www.w3.org/2001/XMLSchema-instance">
        <md:Extensions>
            <urn:RoleExtension LastModified="2019-08-26T13:47:17.957Z"/>
        </md:Extensions>
        <urn:WsTrustSettings>
            <urn:AppliesTo>urn:federation:MicrosoftOnline</urn:AppliesTo>
            <urn:TokenType>http://docs.oasis-open.org/wss/oasis-wss-saml-token-profile-1.1#SAMLV1.1O365</urn:TokenType>
            <urn:UseSamlHoK>false</urn:UseSamlHoK>
            <urn:AbortIfNotFulfilledFromRequest>false</urn:AbortIfNotFulfilledFromRequest>
            <urn:EncryptAssertion>false</urn:EncryptAssertion>
            <urn:AssertionValidityBeforeMinutes>5</urn:AssertionValidityBeforeMinutes>
            <urn:AssertionValidityAfterMinutes>30</urn:AssertionValidityAfterMinutes>
            <urn:TokenToAssertionMapping pluginId="UsernameTokenProcessor" RestrictVirtualServerIds="false">
                <urn:AttributeMapping>
                    <urn:AttributeMap Name="UPN" Type="LDAP" AttributeSourceId="AD" Value="userPrincipalName"/>
                    <urn:AttributeMap Name="ImmutableID" Type="LDAP" AttributeSourceId="AD" Value="objectGUID"/>
                    <urn:AttributeMap Name="TOKEN_SUBJECT" Type="Token" Value="username"/>
                    <urn:AttributeSource Id="AD" Description="AD" Type="LDAP" DataSourceId="LDAP-53F80DC6333113183DC0EF8EA683FAFDE907E2BF">
                        <urn:Parameter Name="filter" Value="|(sAMAccountName=${username})(userPrincipalName=${username})"/>
                        <urn:Parameter Name="search_base" Value="CN=Users,DC=sso,DC=pingdemo,DC=local"/>
                        <urn:Parameter Name="search_scope" Value="SUBTREE_SCOPE"/>
                        <urn:Parameter Name="memberof_nested_group" Value="false"/>
                        <urn:BinaryAttributeEncoding Name="objectGUID" Encoding="BASE64"/>
                    </urn:AttributeSource>
                    <urn:TokenAuthorizationIssuanceCriteria/>
                </urn:AttributeMapping>
            </urn:TokenToAssertionMapping>
            <urn:ExtendedAttributeContract>
                <urn:ExtendedAttribute AttributeName="UPN" MaskValue="false" Namespace="http://schemas.xmlsoap.org/claims"/>
                <urn:ExtendedAttribute AttributeName="ImmutableID" MaskValue="false" Namespace="http://schemas.microsoft.com/LiveID/Federation/2008/05"/>
            </urn:ExtendedAttributeContract>
            <urn:enableOAuthSamlBearer>false</urn:enableOAuthSamlBearer>
        </urn:WsTrustSettings>
    </md:RoleDescriptor>
    <md:RoleDescriptor protocolSupportEnumeration="urn:oasis:names:tc:SAML:2.0:protocol" xsi:type="urn:PFAvailableCertsRoleDescriptorType" xmlns:xsi="http://www.w3.org/2001/XMLSchema-instance"/>
    <md:ContactPerson contactType="administrative"/>
</md:EntityDescriptor>