<?xml version="1.0" encoding="UTF-8"?>
<md:EntityDescriptor entityID="https://gpportal.purple.int:443/SAML20/SP" urn:name="PAN" ID="xtmvOuTPJjKrxYpyli7aXzH1FQu" urn:LogLevel="STANDARD" urn:isActive="true" xmlns:md="urn:oasis:names:tc:SAML:2.0:metadata" xmlns:urn="urn:sourceid.org:saml2:metadata-extension:v2">
    <md:Extensions>
        <urn:EntityExtension PFVersion="9.2.2.0" LicenseGroup="">
            <urn:DigitialSignatureAliases SigningKeyAlias="hnp6kcoo0e5xdvqyp8iipkcil" includeX509inXmlSig="true" includeRawKeyInXmlSig="false" SigningAlgorithm="http://www.w3.org/2001/04/xmldsig-more#rsa-sha256"/>
            <urn:Encryption>
                <urn:EncryptionPolicy EncryptionAlgorithm="http://www.w3.org/2001/04/xmlenc#aes128-cbc" KeyTransportAlgorithm="http://www.w3.org/2001/04/xmlenc#rsa-oaep-mgf1p" EncryptAssertion="false" EncryptSubjectNameID="false" SLOEncryptSubjectNameID="false"/>
                <urn:DecryptionPolicy AssertionEncrypted="false" SubjectNameIDEncrypted="false" AttributeEncrypted="false" SLOSubjectNameIDEncrypted="false"/>
            </urn:Encryption>
            <urn:ConnectionTemplateProperties/>
            <urn:MetadataUrlId xsi:nil="true" xmlns:xsi="http://www.w3.org/2001/XMLSchema-instance"/>
            <urn:enableAutoMetadataUpdate>false</urn:enableAutoMetadataUpdate>
            <urn:AdditionalAllowedEntitiesConfiguration>
                <urn:AllowAdditionalEntities>false</urn:AllowAdditionalEntities>
                <urn:AllowAllEntities>false</urn:AllowAllEntities>
                <urn:AdditionalAllowedEntities/>
            </urn:AdditionalAllowedEntitiesConfiguration>
        </urn:EntityExtension>
    </md:Extensions>
    <md:SPSSODescriptor protocolSupportEnumeration="urn:oasis:names:tc:SAML:2.0:protocol" AuthnRequestsSigned="false" WantAssertionsSigned="false" SignResponseAsRequired="true">
        <md:Extensions>
            <urn:RoleExtension ArtifactTimeoutSeconds="60" LastModified="2019-06-18T19:56:10.393Z">
                <urn:IncomingBindings Artifact="false" POST="true" Redirect="true" SOAP="false"/>
                <urn:EnabledProfiles IDPInitiatedSSO="true" IDPInitiatedSLO="false" SPInitiatedSSO="true" SPInitiatedSLO="false"/>
                <urn:SP AssertionValidityAfterMinutes="5" AssertionValidityBeforeMinutes="5" ConnectionTargetType="Standard" EnableCDCDuringSSO="false">
                    <urn:AdapterToAssertionMapping AbortIfNotFoundInAnyDataSources="false" RestrictVirtualServerIds="false" AdapterInstanceId="HTMLFormSimplePCV">
                        <urn:DefaultAttributeMapping>
                            <urn:AttributeMap Name="role" Type="Text" Value="ugly"/>
                            <urn:AttributeMap Name="SAML_SUBJECT" Type="Text" Value="itai@purple.int"/>
                            <urn:AttributeMap Name="username" Type="Text" Value="itai@purple.int"/>
                            <urn:TokenAuthorizationIssuanceCriteria/>
                        </urn:DefaultAttributeMapping>
                    </urn:AdapterToAssertionMapping>
                    <urn:NameIdentifierMappingType IncludeAdditionalAttributes="false" IncludeAdditionalTransientAttributes="false"/>
                </urn:SP>
            </urn:RoleExtension>
        </md:Extensions>
        <md:NameIDFormat>urn:oasis:names:tc:SAML:1.1:nameid-format:unspecified</md:NameIDFormat>
        <md:AssertionConsumerService index="0" Location="https://gpportal.purple.int:443/SAML20/SP/ACS" Binding="urn:oasis:names:tc:SAML:2.0:bindings:HTTP-POST" isDefault="true"/>
        <md:AttributeConsumingService index="0">
            <md:ServiceName xml:lang="en">AttributeContract</md:ServiceName>
            <md:RequestedAttribute Name="role" NameFormat="urn:oasis:names:tc:SAML:2.0:attrname-format:basic"/>
            <md:RequestedAttribute Name="username" NameFormat="urn:oasis:names:tc:SAML:2.0:attrname-format:basic"/>
        </md:AttributeConsumingService>
    </md:SPSSODescriptor>
    <md:RoleDescriptor protocolSupportEnumeration="urn:oasis:names:tc:SAML:2.0:protocol" xsi:type="urn:PFAvailableCertsRoleDescriptorType" xmlns:xsi="http://www.w3.org/2001/XMLSchema-instance"/>
    <md:ContactPerson contactType="administrative"/>
</md:EntityDescriptor>