<?xml version="1.0" encoding="UTF-8"?>
<md:EntityDescriptor entityID="https://saml.salesforce.com" urn:name="https://saml.salesforce.com" ID="ytr2mKwdzY0FPgJKkb2df.vP02M" urn:LogLevel="STANDARD" urn:isActive="false" xmlns:md="urn:oasis:names:tc:SAML:2.0:metadata" xmlns:urn="urn:sourceid.org:saml2:metadata-extension:v2">
    <md:Extensions>
        <urn:EntityExtension PFVersion="9.1.1.0" LicenseGroup="">
            <urn:DigitialSignatureAliases SigningKeyAlias="jc3fjkiryvwjgiuyofmghfq8t" includeX509inXmlSig="true" includeRawKeyInXmlSig="false" SigningAlgorithm="http://www.w3.org/2001/04/xmldsig-more#rsa-sha256"/>
            <urn:Encryption>
                <urn:EncryptionPolicy EncryptionAlgorithm="http://www.w3.org/2001/04/xmlenc#aes128-cbc" KeyTransportAlgorithm="http://www.w3.org/2001/04/xmlenc#rsa-oaep-mgf1p" EncryptAssertion="false" EncryptSubjectNameID="false" SLOEncryptSubjectNameID="false"/>
                <urn:DecryptionPolicy AssertionEncrypted="false" SubjectNameIDEncrypted="false" AttributeEncrypted="false" SLOSubjectNameIDEncrypted="false"/>
            </urn:Encryption>
            <urn:ConnectionTemplateProperties/>
            <urn:MetadataUrlId xsi:nil="true" xmlns:xsi="http://www.w3.org/2001/XMLSchema-instance"/>
            <urn:enableAutoMetadataUpdate>false</urn:enableAutoMetadataUpdate>
            <urn:AdditionalAllowedEntitiesConfiguration>
                <urn:AllowAdditionalEntities>false</urn:AllowAdditionalEntities>
                <urn:AllowAllEntities>false</urn:AllowAllEntities>
                <urn:AdditionalAllowedEntities/>
            </urn:AdditionalAllowedEntitiesConfiguration>
        </urn:EntityExtension>
    </md:Extensions>
    <md:SPSSODescriptor protocolSupportEnumeration="urn:oasis:names:tc:SAML:2.0:protocol" AuthnRequestsSigned="false" WantAssertionsSigned="true" SignResponseAsRequired="false">
        <md:Extensions>
            <urn:RoleExtension ArtifactTimeoutSeconds="60" LastModified="2018-11-25T19:33:47.515Z">
                <urn:IncomingBindings Artifact="true" POST="true" Redirect="true" SOAP="true"/>
                <urn:EnabledProfiles IDPInitiatedSSO="true" IDPInitiatedSLO="false" SPInitiatedSSO="false" SPInitiatedSLO="false"/>
                <urn:SP AssertionValidityAfterMinutes="5" AssertionValidityBeforeMinutes="5" ConnectionTargetType="Standard" EnableCDCDuringSSO="false">
                    <urn:C2cContractToAssertionMapping AbortIfNotFoundInAnyDataSources="false" RestrictVirtualServerIds="false" C2cContractId="tFKJ61FkTaFtmRUV" C2cContractName="AnyCompanyAttrContract">
                        <urn:DefaultAttributeMapping>
                            <urn:AttributeMap Name="SAML_SUBJECT" Type="Authentication Policy Contract" Value="subject"/>
                            <urn:TokenAuthorizationIssuanceCriteria/>
                        </urn:DefaultAttributeMapping>
                    </urn:C2cContractToAssertionMapping>
                    <urn:C2cContractToAssertionMapping AbortIfNotFoundInAnyDataSources="false" RestrictVirtualServerIds="false" C2cContractId="nVyWC5JMICjbzDtg" C2cContractName="AnyCompany Attr for Salesforce">
                        <urn:DefaultAttributeMapping>
                            <urn:AttributeMap Name="SAML_SUBJECT" Type="Authentication Policy Contract" Value="subject"/>
                            <urn:TokenAuthorizationIssuanceCriteria/>
                        </urn:DefaultAttributeMapping>
                    </urn:C2cContractToAssertionMapping>
                    <urn:C2cContractToAssertionMapping AbortIfNotFoundInAnyDataSources="false" RestrictVirtualServerIds="false" C2cContractId="RaBfLQbEUbGXLLRB" C2cContractName="AnyCompanyAttrRegistration">
                        <urn:DefaultAttributeMapping>
                            <urn:AttributeMap Name="SAML_SUBJECT" Type="Text" Value="cmuir+sf@pingidentity.com"/>
                            <urn:TokenAuthorizationIssuanceCriteria/>
                        </urn:DefaultAttributeMapping>
                    </urn:C2cContractToAssertionMapping>
                    <urn:NameIdentifierMappingType IncludeAdditionalAttributes="false" IncludeAdditionalTransientAttributes="false"/>
                </urn:SP>
            </urn:RoleExtension>
        </md:Extensions>
        <md:NameIDFormat>urn:oasis:names:tc:SAML:1.1:nameid-format:unspecified</md:NameIDFormat>
        <md:AssertionConsumerService index="0" Location="https://cmuir-sf-dev-ed.my.salesforce.com?so=00D41000000FVkL" Binding="urn:oasis:names:tc:SAML:2.0:bindings:HTTP-POST" isDefault="true"/>
    </md:SPSSODescriptor>
    <md:RoleDescriptor protocolSupportEnumeration="urn:oasis:names:tc:SAML:2.0:protocol" xsi:type="urn:PFAvailableCertsRoleDescriptorType" xmlns:xsi="http://www.w3.org/2001/XMLSchema-instance"/>
    <md:ContactPerson contactType="administrative"/>
</md:EntityDescriptor>