<?xml version="1.0" encoding="UTF-8"?>
<md:EntityDescriptor entityID="https://accounts.google.com" urn:name="GoogleOIDC" ID="SF2fNgxtmk8mbGVnnd9we0Nq-XE" urn:LogLevel="STANDARD" urn:isActive="true" xmlns:md="urn:oasis:names:tc:SAML:2.0:metadata" xmlns:urn="urn:sourceid.org:saml2:metadata-extension:v2">
    <md:Extensions>
        <urn:EntityExtension PFVersion="9.2.0.10" LicenseGroup="">
            <urn:DigitialSignatureAliases/>
            <urn:Encryption>
                <urn:EncryptionPolicy EncryptionAlgorithm="http://www.w3.org/2001/04/xmlenc#aes128-cbc" KeyTransportAlgorithm="http://www.w3.org/2001/04/xmlenc#rsa-oaep-mgf1p" EncryptAssertion="false" EncryptSubjectNameID="false" SLOEncryptSubjectNameID="false"/>
                <urn:DecryptionPolicy AssertionEncrypted="false" SubjectNameIDEncrypted="false" AttributeEncrypted="false" SLOSubjectNameIDEncrypted="false"/>
            </urn:Encryption>
            <urn:ConnectionTemplateProperties/>
            <urn:MetadataUrlId xsi:nil="true" xmlns:xsi="http://www.w3.org/2001/XMLSchema-instance"/>
            <urn:enableAutoMetadataUpdate>false</urn:enableAutoMetadataUpdate>
            <urn:AdditionalAllowedEntitiesConfiguration>
                <urn:AllowAdditionalEntities>false</urn:AllowAdditionalEntities>
                <urn:AllowAllEntities>false</urn:AllowAllEntities>
                <urn:AdditionalAllowedEntities/>
            </urn:AdditionalAllowedEntitiesConfiguration>
        </urn:EntityExtension>
    </md:Extensions>
    <md:IDPSSODescriptor protocolSupportEnumeration="OIDC" WantAuthnRequestsSigned="false">
        <md:Extensions>
            <urn:RoleExtension ArtifactTimeoutSeconds="60" LastModified="2019-03-27T02:55:40.488Z">
                <urn:IncomingBindings Artifact="true" POST="true" Redirect="true" SOAP="true"/>
                <urn:EnabledProfiles IDPInitiatedSSO="true" IDPInitiatedSLO="false" SPInitiatedSSO="true" SPInitiatedSLO="false"/>
                <urn:IDP AssertionsSigned="false" DefaultTargetResource="https://portal.anycompany.org/home.php">
                    <urn:TargetAttributeMapping AdapterInstanceId="AnyCompanyPortalHome" RestrictVirtualServerIds="false">
                        <urn:AttributeMap Name="subject" Type="Provider Claims" Value="email"/>
                        <urn:AttributeMap Name="cn" Type="Provider Claims" Value="email"/>
                        <urn:TokenAuthorizationIssuanceCriteria/>
                    </urn:TargetAttributeMapping>
                    <urn:ConnectionContractMapping C2cContractId="6n8SPlEPHgFlOmhS" C2cContractName="AnyCompany Attr Contract for SP" RestrictVirtualServerIds="false">
                        <urn:AttributeMap Name="subject" Type="Provider Claims" Value="sub"/>
                        <urn:TokenAuthorizationIssuanceCriteria/>
                    </urn:ConnectionContractMapping>
                    <urn:AccountLinkingAndMapping Type="mapping" IncludeAdditionalAttributes="false"/>
                    <urn:ErrPageMsg>errorDetail.spSsoFailure</urn:ErrPageMsg>
                    <urn:maskedAttribute>access_token</urn:maskedAttribute>
                    <urn:maskedAttribute>id_token</urn:maskedAttribute>
                </urn:IDP>
            </urn:RoleExtension>
        </md:Extensions>
        <md:SingleSignOnService Binding="oauth:authz" Location="https://accounts.google.com/o/oauth2/v2/auth"/>
        <saml:Attribute Name="aud" NameFormat="urn:oasis:names:tc:SAML:2.0:attrname-format:basic" xmlns:saml="urn:oasis:names:tc:SAML:2.0:assertion"/>
        <saml:Attribute Name="email_verified" NameFormat="urn:oasis:names:tc:SAML:2.0:attrname-format:basic" xmlns:saml="urn:oasis:names:tc:SAML:2.0:assertion"/>
        <saml:Attribute Name="name" NameFormat="urn:oasis:names:tc:SAML:2.0:attrname-format:basic" xmlns:saml="urn:oasis:names:tc:SAML:2.0:assertion"/>
        <saml:Attribute Name="iss" NameFormat="urn:oasis:names:tc:SAML:2.0:attrname-format:basic" xmlns:saml="urn:oasis:names:tc:SAML:2.0:assertion"/>
        <saml:Attribute Name="given_name" NameFormat="urn:oasis:names:tc:SAML:2.0:attrname-format:basic" xmlns:saml="urn:oasis:names:tc:SAML:2.0:assertion"/>
        <saml:Attribute Name="exp" NameFormat="urn:oasis:names:tc:SAML:2.0:attrname-format:basic" xmlns:saml="urn:oasis:names:tc:SAML:2.0:assertion"/>
        <saml:Attribute Name="locale" NameFormat="urn:oasis:names:tc:SAML:2.0:attrname-format:basic" xmlns:saml="urn:oasis:names:tc:SAML:2.0:assertion"/>
        <saml:Attribute Name="family_name" NameFormat="urn:oasis:names:tc:SAML:2.0:attrname-format:basic" xmlns:saml="urn:oasis:names:tc:SAML:2.0:assertion"/>
        <saml:Attribute Name="iat" NameFormat="urn:oasis:names:tc:SAML:2.0:attrname-format:basic" xmlns:saml="urn:oasis:names:tc:SAML:2.0:assertion"/>
        <saml:Attribute Name="email" NameFormat="urn:oasis:names:tc:SAML:2.0:attrname-format:basic" xmlns:saml="urn:oasis:names:tc:SAML:2.0:assertion"/>
        <saml:Attribute Name="picture" NameFormat="urn:oasis:names:tc:SAML:2.0:attrname-format:basic" xmlns:saml="urn:oasis:names:tc:SAML:2.0:assertion"/>
    </md:IDPSSODescriptor>
    <md:RoleDescriptor protocolSupportEnumeration="OIDC" xsi:type="urn:PFOIDCRoleDescriptorType" xmlns:xsi="http://www.w3.org/2001/XMLSchema-instance">
        <md:Extensions>
            <urn:RoleExtension LastModified="2019-03-27T02:55:40.488Z"/>
        </md:Extensions>
        <urn:OpenIDConnectSettings>
            <urn:TokenEndpoint>https://oauth2.googleapis.com/token</urn:TokenEndpoint>
            <urn:JWKSUri>https://www.googleapis.com/oauth2/v3/certs</urn:JWKSUri>
            <urn:Scopes>openid email profile</urn:Scopes>
            <urn:Profile>BASIC</urn:Profile>
            <urn:UserInfoEndpoint>https://openidconnect.googleapis.com/v1/userinfo</urn:UserInfoEndpoint>
            <urn:ClientID>675856082975-0q0ickqljjo0d1um9h19aaogesn5mhoa.apps.googleusercontent.com</urn:ClientID>
            <urn:ClientSecret>eyJhbGciOiJkaXIiLCJlbmMiOiJBMTI4Q0JDLUhTMjU2Iiwia2lkIjoiNDFPUlBRSUJrYSIsInZlcnNpb24iOiI5LjIuMC4xMCJ9..zqw2lA_uqZz0P3Nofj3qcg.0bYmeBE6JrEhq3YNh9n-L4OLbPcd0IIsM-E_F6Jkhn0.CpGVKp8U3-6RuwPB9dTKfA</urn:ClientSecret>
            <urn:BasicAuth>true</urn:BasicAuth>
            <urn:PrivateJwtAuth>false</urn:PrivateJwtAuth>
        </urn:OpenIDConnectSettings>
    </md:RoleDescriptor>
    <md:RoleDescriptor protocolSupportEnumeration="urn:oasis:names:tc:SAML:2.0:protocol" xsi:type="urn:PFAvailableCertsRoleDescriptorType" xmlns:xsi="http://www.w3.org/2001/XMLSchema-instance"/>
    <md:ContactPerson contactType="administrative"/>
</md:EntityDescriptor>