<?xml version="1.0" encoding="UTF-8"?>
<urn:PluginConfiguration isInheritExtendedContractAttributes="false" name="AdminPass" xmlns:urn="urn:sourceid.org:saml2:adapter:conf">
    <urn:Fields/>
    <urn:AdvancedFields/>
    <urn:Tables>
        <urn:Table name="Users">
            <urn:Row>
                <urn:Field name="Username">admin</urn:Field>
                <urn:Field name="Password">88i4ZI-83dtjTAy93_ApDncr_V6HRjvmA2HoyPRkclA.Nfn8IHyN.2</urn:Field>
                <urn:Field name="Confirm Password">bkso29CtZ2SffXGYP1na2X8GwF9j6h48P5O_vMbE8Lk.fJMEqr_2.2</urn:Field>
            </urn:Row>
        </urn:Table>
    </urn:Tables>
</urn:PluginConfiguration>