<?xml version="1.0" encoding="UTF-8"?>
<urn:PluginConfiguration isInheritExtendedContractAttributes="false" name="AnyCompany - PingDirectory" xmlns:urn="urn:sourceid.org:saml2:adapter:conf">
    <urn:Fields>
        <urn:Field name="LDAP Datastore">LDAP-49631ED19BAC8EE77F69AE17DB6C2F0331DAF102</urn:Field>
        <urn:Field name="Search Base">ou=identities,dc=anycompany,dc=org</urn:Field>
        <urn:Field name="Search Filter">uid=${username}</urn:Field>
        <urn:Field name="Scope of Search">Subtree</urn:Field>
        <urn:Field name="Case-Sensitive Matching">true</urn:Field>
        <urn:Field name="Display Name Attribute">displayName</urn:Field>
        <urn:Field name="Mail Attribute">mail</urn:Field>
        <urn:Field name="SMS Attribute">phone</urn:Field>
        <urn:Field name="PingID Username Attribute">uid</urn:Field>
        <urn:Field name="Mail Search Filter">mail=${mail}</urn:Field>
        <urn:Field name="Username Attribute">uid</urn:Field>
        <urn:Field name="Mail Verified Attribute"/>
    </urn:Fields>
    <urn:AdvancedFields>
        <urn:Field name="Display Name Attribute">displayName</urn:Field>
        <urn:Field name="Mail Attribute">mail</urn:Field>
        <urn:Field name="SMS Attribute">phone</urn:Field>
        <urn:Field name="PingID Username Attribute">uid</urn:Field>
        <urn:Field name="Mail Search Filter">mail=${mail}</urn:Field>
        <urn:Field name="Username Attribute">uid</urn:Field>
        <urn:Field name="Mail Verified Attribute"/>
    </urn:AdvancedFields>
    <urn:Tables>
        <urn:Table name="Authentication Error Overrides"/>
    </urn:Tables>
    <urn:ExtendedContractAttributes>
        <urn:AttributeName>st</urn:AttributeName>
        <urn:AttributeName>anycompanyGUID</urn:AttributeName>
        <urn:AttributeName>pfBirthDate</urn:AttributeName>
        <urn:AttributeName>street</urn:AttributeName>
        <urn:AttributeName>postalCode</urn:AttributeName>
        <urn:AttributeName>objectClass</urn:AttributeName>
        <urn:AttributeName>mobile</urn:AttributeName>
        <urn:AttributeName>isMemberOf</urn:AttributeName>
        <urn:AttributeName>sn</urn:AttributeName>
        <urn:AttributeName>l</urn:AttributeName>
    </urn:ExtendedContractAttributes>
</urn:PluginConfiguration>