<?xml version="1.0" encoding="UTF-8"?>
<urn:PluginConfiguration isInheritExtendedContractAttributes="false" name="azure" xmlns:urn="urn:sourceid.org:saml2:adapter:conf">
    <urn:Fields>
        <urn:Field name="Domain">c</urn:Field>
        <urn:Field name="Application Id">497919a8-0ce1-450c-ab47-4eedd10904e1</urn:Field>
        <urn:Field name="Application Key">eyJhbGciOiJkaXIiLCJlbmMiOiJBMTI4Q0JDLUhTMjU2Iiwia2lkIjoiNDFPUlBRSUJrYSIsInZlcnNpb24iOiI5LjIuMi4wIn0..oWK3GKlUlYKD4nVhMNDX1A.0uYNpVFEdmz-g_iAYIjpZs2OqFQ6zJUU-55T-EDn0Pui7m_ODrY3Li4ZxSwqjMLD.1UJBFyQx351zscFYzE6yaA</urn:Field>
        <urn:Field name="Disable user group retrieval">false</urn:Field>
        <urn:Field name="Read Timeout">5000</urn:Field>
        <urn:Field name="Connection Timeout">5000</urn:Field>
        <urn:Field name="Proxy Settings">System Defaults</urn:Field>
        <urn:Field name="Custom Proxy Host"/>
        <urn:Field name="Custom Proxy Port"/>
    </urn:Fields>
    <urn:AdvancedFields>
        <urn:Field name="Read Timeout">5000</urn:Field>
        <urn:Field name="Connection Timeout">5000</urn:Field>
        <urn:Field name="Proxy Settings">System Defaults</urn:Field>
        <urn:Field name="Custom Proxy Host"/>
        <urn:Field name="Custom Proxy Port"/>
    </urn:AdvancedFields>
    <urn:Tables/>
    <urn:ExtendedContractAttributes/>
</urn:PluginConfiguration>