<?xml version="1.0" encoding="UTF-8"?>
<urn:PluginConfiguration isInheritExtendedContractAttributes="false" name="UserPass" xmlns:urn="urn:sourceid.org:saml2:adapter:conf">
    <urn:Fields/>
    <urn:AdvancedFields/>
    <urn:Tables>
        <urn:Table name="Users">
            <urn:Row>
                <urn:Field name="Username">joe</urn:Field>
                <urn:Field name="Password">rsfqyPEogDxdXton6s2UloHDAjHENVOWzdL7z3_DZeY.luYSgVj6.2</urn:Field>
                <urn:Field name="Confirm Password">x8kS5lAil7lwkSvL1p3d7Q-wpVenX1JmqRsICX3FgHQ.O0T_Mg0n.2</urn:Field>
            </urn:Row>
            <urn:Row>
                <urn:Field name="Username">sarah</urn:Field>
                <urn:Field name="Password">vcYycQFLV1GwEGqCMgGgF7sOiom0FBnIfTtGXy7kPEo.bLgdrkup.2</urn:Field>
                <urn:Field name="Confirm Password">Hj1VsamHKTDiFH0g6AmQnWnYSHGV02SHDF1LkCe5BRU.8FePnj4Z.2</urn:Field>
            </urn:Row>
            <urn:Row>
                <urn:Field name="Username">scott</urn:Field>
                <urn:Field name="Password">kbiApS_PNWQ0IIaHhhu7JR_eeOOz77Nv6is97ZUhVQs.TdAdfI0E.2</urn:Field>
                <urn:Field name="Confirm Password">Dfmvy00qZToIUwfRaEu40AJvTF4XqNpK2sSCYb77asY.HD3Y0hwb.2</urn:Field>
            </urn:Row>
            <urn:Row>
                <urn:Field name="Username">michael@compwhiz.com</urn:Field>
                <urn:Field name="Password">1wU2pptQPOLlXAQbhaCrlH4e-ib2yxGtCYvl_koUOtE.CK-9gG3V.2</urn:Field>
                <urn:Field name="Confirm Password">ybsdeq1gjGXgGosyW1vfBkGhDDjdQhOHHZsNwTNglmo.DSVgwfCQ.2</urn:Field>
            </urn:Row>
            <urn:Row>
                <urn:Field name="Username">curtis@pi.com</urn:Field>
                <urn:Field name="Password">wV_aVIuTB5koEppl1PkcHXA2BLKa-xpub0DMwQcaM1k.BQiGzP3Z.2</urn:Field>
                <urn:Field name="Confirm Password">KBree50RFdRHiTDzVt_y1cdk2Xs6dnhk9wpF7ttAS4g.Rouq2wBR.2</urn:Field>
            </urn:Row>
            <urn:Row>
                <urn:Field name="Username">curtis</urn:Field>
                <urn:Field name="Password">oeamDmFfhPXz_4ofGo9-55lJE2b3CUV4911IBtAolp0.zxJj4TTF.2</urn:Field>
                <urn:Field name="Confirm Password">s7my5f-g7pM2mHAZzMDObPvRmdCWkhBOsTQ8tzvzp9w.ym-2H3IZ.2</urn:Field>
            </urn:Row>
        </urn:Table>
    </urn:Tables>
</urn:PluginConfiguration>