<?xml version="1.0" encoding="UTF-8"?>
<urn:Clients xmlns:urn="urn:pingidentity.com:pf:oauth:client">
    <urn:Client client_id="im_oic_client" name="im_oic_client" logo="" secret="xYgw-87q5UKTqPGbThr63C7qGYUuNSdKTgIz9ytaoa4.wD36jZkr.2" persistentGrantExpirationTime="0" enabled="true" lastModified="2019-05-01T11:53:51.813Z" bypassApprovalPage="true" restrictScopes="false" jwksUri="" jwks="" clientAuthnType="SECRET" enforceOneTimeJWT="false" isRequireSignedRequest="false">
        <urn:Description/>
        <urn:Grant type="implicit"/>
        <urn:RedirectUri>https://sso.anycompany.org:9031/OAuthPlayground/implicit/oidc/callback</urn:RedirectUri>
        <urn:SupplementalInfo key="ALLOW_EXCLUSIVE_SCOPES" value="false"/>
        <urn:SupplementalInfo key="DEVICE_FLOW_SETTING" value="SERVER_DEFAULT"/>
        <urn:SupplementalInfo key="DEFAULT_ATM_ID" value="AnyCompanyAT"/>
        <urn:SupplementalInfo key="PING_ACCESS_LOGOUT_CAPABLE" value="false"/>
        <urn:SupplementalInfo key="RESTRICT_RESPONSE_TYPES" value="false"/>
        <urn:SupplementalInfo key="ACCESS_SESSION_REVOCATION_API" value="false"/>
        <urn:SupplementalInfo key="REVERSIBLE_SECRET" value="eyJhbGciOiJkaXIiLCJlbmMiOiJBMTI4Q0JDLUhTMjU2Iiwia2lkIjoiNDFPUlBRSUJrYSIsInZlcnNpb24iOiI4LjMuMC4xIn0..b-OuTAZgkR8OMEmb4mI7Qg.pBpFsm8D1lpNxkzi0kQdTiW1IuzwMZ_1bw2_pWIDrd0Jv_4h-056zJhM37fkXSTtuZoVIeesKytf77mv0O5CtrqZ8GFyu4VDmZVJeF1VtXA.mb8V8j55EewA6B3twiacyw"/>
        <urn:SupplementalInfo key="PERSISTENT_GRANT_IDLE_TIMEOUT_TYPE" value="SERVER_DEFAULT"/>
        <urn:SupplementalInfo key="VALIDATE_USING_ALL_ELIGIBLE_ATMS" value="false"/>
        <urn:SupplementalInfo key="ENABLED" value="true"/>
        <urn:SupplementalInfo key="id_token_signed_response_alg" value="HS256"/>
    </urn:Client>
</urn:Clients>