<?xml version="1.0" encoding="UTF-8"?>
<urn:Clients xmlns:urn="urn:pingidentity.com:pf:oauth:client">
    <urn:Client client_id="pa_wam" name="AnyCompany" logo="" secret="gXFM7TuRAn33fpvY5o2CZiSCr43z2L_6r8w4-82Ibjg.avS5hs-e.2" persistentGrantExpirationTime="0" enabled="true" lastModified="2019-05-16T11:37:43.860Z" bypassApprovalPage="true" restrictScopes="false" jwksUri="" jwks="" clientAuthnType="SECRET" enforceOneTimeJWT="false" isRequireSignedRequest="false">
        <urn:Description/>
        <urn:Grant type="authorization_code"/>
        <urn:RedirectUri>https://access.anycompany.org:3000/pa/oidc/cb</urn:RedirectUri>
        <urn:RedirectUri>https://sso.anycompany.org:9031/OAuthPlayground/authorization_code/oidc/callback</urn:RedirectUri>
        <urn:RedirectUri>https://cj.anycompany.org:3000/pa/oidc/cb</urn:RedirectUri>
        <urn:SupplementalInfo key="ALLOW_EXCLUSIVE_SCOPES" value="false"/>
        <urn:SupplementalInfo key="DEVICE_FLOW_SETTING" value="SERVER_DEFAULT"/>
        <urn:SupplementalInfo key="DEFAULT_ATM_ID" value="AnyCompanyAT"/>
        <urn:SupplementalInfo key="PING_ACCESS_LOGOUT_CAPABLE" value="true"/>
        <urn:SupplementalInfo key="RESTRICT_RESPONSE_TYPES" value="false"/>
        <urn:SupplementalInfo key="ACCESS_SESSION_REVOCATION_API" value="true"/>
        <urn:SupplementalInfo key="PERSISTENT_GRANT_IDLE_TIMEOUT_TYPE" value="SERVER_DEFAULT"/>
        <urn:SupplementalInfo key="VALIDATE_USING_ALL_ELIGIBLE_ATMS" value="false"/>
        <urn:SupplementalInfo key="ENABLED" value="true"/>
        <urn:SupplementalInfo key="vnd.ping.policy_group_id" value="OIDC"/>
    </urn:Client>
</urn:Clients>