<?xml version="1.0" encoding="UTF-8"?>
<urn:Clients xmlns:urn="urn:pingidentity.com:pf:oauth:client">
    <urn:Client client_id="ac_oic_client" name="ac_oic_client" logo="" secret="JIG9sulXEHo9TkvnsPmmvrsbc0f18dZE5C2sjX0rsVE.TZg8sPTP.2" persistentGrantExpirationTime="0" enabled="true" lastModified="2019-05-01T14:29:12.701Z" bypassApprovalPage="true" restrictScopes="false" jwksUri="" jwks="" clientAuthnType="SECRET" enforceOneTimeJWT="false" isRequireSignedRequest="false">
        <urn:Description/>
        <urn:Grant type="refresh_token"/>
        <urn:Grant type="authorization_code"/>
        <urn:RedirectUri>https://sso.anycompany.org:9031/OAuthPlayground/authorization_code/oidc/callback</urn:RedirectUri>
        <urn:SupplementalInfo key="ALLOW_EXCLUSIVE_SCOPES" value="false"/>
        <urn:SupplementalInfo key="DEVICE_FLOW_SETTING" value="SERVER_DEFAULT"/>
        <urn:SupplementalInfo key="PING_ACCESS_LOGOUT_CAPABLE" value="false"/>
        <urn:SupplementalInfo key="RESTRICT_RESPONSE_TYPES" value="false"/>
        <urn:SupplementalInfo key="ACCESS_SESSION_REVOCATION_API" value="false"/>
        <urn:SupplementalInfo key="REVERSIBLE_SECRET" value="eyJhbGciOiJkaXIiLCJlbmMiOiJBMTI4Q0JDLUhTMjU2Iiwia2lkIjoiNDFPUlBRSUJrYSIsInZlcnNpb24iOiI5LjIuMC4xMCJ9..E9CJQ2QbKHJcp7A9dV-WNg.YhpxpGcuyvwE0mmakfD2HZn-au_EvjkLsWhsJ1HIJ5Hq4Xi2Fc3RUEJpTPPK9hqoQDRKm4v_uurCHsM2IYSt121bIEEolHbNnfG_JBpcqWw.n4o9WxtSIainHRoKTq7ftA"/>
        <urn:SupplementalInfo key="PERSISTENT_GRANT_IDLE_TIMEOUT_TYPE" value="SERVER_DEFAULT"/>
        <urn:SupplementalInfo key="VALIDATE_USING_ALL_ELIGIBLE_ATMS" value="true"/>
        <urn:SupplementalInfo key="ENABLED" value="true"/>
        <urn:SupplementalInfo key="vnd.ping.policy_group_id" value="OIDC"/>
        <urn:SupplementalInfo key="id_token_signed_response_alg" value="HS256"/>
    </urn:Client>
</urn:Clients>