<?xml version="1.0" encoding="UTF-8"?>
<urn:Clients xmlns:urn="urn:pingidentity.com:pf:oauth:client">
    <urn:Client client_id="sfdcoidc" name="SFDC_OIDC2" logo="" secret="BX7Gh-PhuitsEGZBvXMiv-EWksIuLxmlvRN-l0QVRBc.EQsr0HKC.2" persistentGrantExpirationTime="0" lastModified="2018-06-18T17:45:53.950Z" bypassApprovalPage="true" restrictScopes="false" clientAuthnType="SECRET" enforceOneTimeJWT="false" isRequireSignedRequest="false">
        <urn:Description/>
        <urn:Grant type="authorization_code"/>
        <urn:RedirectUri>https://login.salesforce.com/services/authcallback/00D41000002HsmqEAC/PingFed</urn:RedirectUri>
        <urn:SupplementalInfo key="ACCESS_SESSION_REVOCATION_API" value="false"/>
        <urn:SupplementalInfo key="VALIDATE_USING_ALL_ELIGIBLE_ATMS" value="false"/>
        <urn:SupplementalInfo key="PING_ACCESS_LOGOUT_CAPABLE" value="false"/>
    </urn:Client>
</urn:Clients>