<?xml version="1.0" encoding="UTF-8"?>
<urn:Clients xmlns:urn="urn:pingidentity.com:pf:oauth:client">
    <urn:Client client_id="idDataWeb" name="idDataWeb" logo="" secret="veeV5yUf6ldKbZH-rkKjJGMbbvujDOwrgZK-LEYVB2Y.uu_Ls3fg.2" persistentGrantExpirationTime="0" lastModified="2018-06-18T17:45:53.961Z" bypassApprovalPage="true" restrictScopes="false" clientAuthnType="SECRET" enforceOneTimeJWT="false" isRequireSignedRequest="false">
        <urn:Description/>
        <urn:Grant type="authorization_code"/>
        <urn:RedirectUri>https://dev1.maxconnector.com/dev-axn-aws/axn/pingid.max</urn:RedirectUri>
        <urn:RedirectUri>http://localhost:9090/axn-aws/axn/pingid.max</urn:RedirectUri>
        <urn:RedirectUri>https://test1.maxconnector.com/test-axn-aws/axn/pingid.max</urn:RedirectUri>
        <urn:RedirectUri>https://preprod1.maxconnector.com/preprod-axn/axn/pingid.max</urn:RedirectUri>
        <urn:RedirectUri>http://localhost:9090/axn-aws/axn/idp/redirect.max</urn:RedirectUri>
        <urn:RedirectUri>https://dev1.maxconnector.com/dev-axn-aws/axn/idp/redirect.max</urn:RedirectUri>
        <urn:RedirectUri>https://test1.maxconnector.com/test-axn-aws/axn/idp/redirect.max</urn:RedirectUri>
        <urn:RedirectUri>https://preprod1.maxconnector.com/preprod-axn/axn/idp/redirect.max</urn:RedirectUri>
        <urn:RedirectUri>https://changeme.com</urn:RedirectUri>
        <urn:SupplementalInfo key="ACCESS_SESSION_REVOCATION_API" value="false"/>
        <urn:SupplementalInfo key="VALIDATE_USING_ALL_ELIGIBLE_ATMS" value="false"/>
        <urn:SupplementalInfo key="PING_ACCESS_LOGOUT_CAPABLE" value="false"/>
    </urn:Client>
</urn:Clients>