<?xml version="1.0" encoding="UTF-8"?>
<loc:localIdentity profileId="Ggk9wkFaCPgk4K0X" profileName="AnyCompanyLIP" contractId="RaBfLQbEUbGXLLRB" profileEnabled="true" registrationEnabled="true" xmlns:loc="http://pingidentity.com/2017/07/localIdentity">
    <loc:auth-sources>
        <loc:auth-source id="h6yhiqzceA3ctmRG" name="google">
            <loc:update-policy attributeStorageEnabled="true" retainAttributes="false" updateAttributes="true" updateInterval="0.0"/>
        </loc:auth-source>
        <loc:auth-source id="4jknGPXUImFT2Di5" name="facebook">
            <loc:update-policy attributeStorageEnabled="true" retainAttributes="false" updateAttributes="true" updateInterval="0.0"/>
        </loc:auth-source>
    </loc:auth-sources>
    <loc:fields maskOgnlValues="false">
        <loc:field type="EMAIL" default-value="" id="mail" label="Email">
            <loc:appliesTo profile="true" registration="true"/>
            <loc:parameter param-name="Read-Only" value="false"/>
            <loc:parameter param-name="Required" value="true"/>
            <loc:parameter param-name="Unique ID Field" value="true"/>
            <loc:parameter param-name="Mask Log Values" value="false"/>
        </loc:field>
        <loc:field type="TEXT" default-value="" id="givenName" label="First Name">
            <loc:appliesTo profile="true" registration="true"/>
            <loc:parameter param-name="Read-Only" value="false"/>
            <loc:parameter param-name="Required" value="true"/>
            <loc:parameter param-name="Unique ID Field" value="false"/>
            <loc:parameter param-name="Mask Log Values" value="false"/>
        </loc:field>
        <loc:field type="TEXT" default-value="" id="sn" label="Last Name">
            <loc:appliesTo profile="true" registration="true"/>
            <loc:parameter param-name="Read-Only" value="false"/>
            <loc:parameter param-name="Required" value="true"/>
            <loc:parameter param-name="Unique ID Field" value="false"/>
            <loc:parameter param-name="Mask Log Values" value="false"/>
        </loc:field>
        <loc:field type="TEXT" default-value="" id="cn" label="Nick Name">
            <loc:appliesTo profile="true" registration="true"/>
            <loc:parameter param-name="Read-Only" value="false"/>
            <loc:parameter param-name="Required" value="true"/>
            <loc:parameter param-name="Unique ID Field" value="false"/>
            <loc:parameter param-name="Mask Log Values" value="false"/>
        </loc:field>
        <loc:field type="PHONE" default-value="" id="mobile" label="Mobile">
            <loc:appliesTo profile="true" registration="true"/>
            <loc:parameter param-name="Read-Only" value="false"/>
            <loc:parameter param-name="Required" value="false"/>
            <loc:parameter param-name="Unique ID Field" value="false"/>
            <loc:parameter param-name="Mask Log Values" value="false"/>
        </loc:field>
        <loc:field type="DROPDOWN" default-value="" id="businessCategory" label="Account Type">
            <loc:appliesTo profile="true" registration="true"/>
            <loc:parameter param-name="Read-Only" value="false"/>
            <loc:parameter param-name="Required" value="false"/>
            <loc:parameter param-name="Mask Log Values" value="false"/>
            <loc:options>Free</loc:options>
            <loc:options>Premium</loc:options>
        </loc:field>
        <loc:field type="HIDDEN" default-value="" id="employeeType" label="Verified">
            <loc:appliesTo profile="false" registration="true"/>
            <loc:parameter param-name="Unique ID Field" value="false"/>
            <loc:parameter param-name="Mask Log Values" value="false"/>
        </loc:field>
        <loc:field type="CHECKBOX" default-value="" id="anyCompanyOptIn" label="Email Newsletter Opt-In (for Custom Registrations only)">
            <loc:appliesTo profile="true" registration="false"/>
            <loc:parameter param-name="Read-Only" value="false"/>
            <loc:parameter param-name="Must Be Checked" value="false"/>
            <loc:parameter param-name="Mask Log Values" value="false"/>
        </loc:field>
        <loc:field type="DATE" default-value="" id="dateOfBirth" label="Birth Date">
            <loc:appliesTo profile="true" registration="false"/>
            <loc:parameter param-name="Read-Only" value="false"/>
            <loc:parameter param-name="Required" value="false"/>
            <loc:parameter param-name="Mask Log Values" value="false"/>
        </loc:field>
        <loc:field type="TEXT" default-value="" id="street" label="Address">
            <loc:appliesTo profile="true" registration="false"/>
            <loc:parameter param-name="Read-Only" value="false"/>
            <loc:parameter param-name="Required" value="false"/>
            <loc:parameter param-name="Unique ID Field" value="false"/>
            <loc:parameter param-name="Mask Log Values" value="false"/>
        </loc:field>
        <loc:field type="TEXT" default-value="" id="st" label="State">
            <loc:appliesTo profile="true" registration="false"/>
            <loc:parameter param-name="Read-Only" value="false"/>
            <loc:parameter param-name="Required" value="false"/>
            <loc:parameter param-name="Unique ID Field" value="false"/>
            <loc:parameter param-name="Mask Log Values" value="false"/>
        </loc:field>
        <loc:field type="TEXT" default-value="" id="postalCode" label="Zip">
            <loc:appliesTo profile="true" registration="false"/>
            <loc:parameter param-name="Read-Only" value="false"/>
            <loc:parameter param-name="Required" value="false"/>
            <loc:parameter param-name="Unique ID Field" value="false"/>
            <loc:parameter param-name="Mask Log Values" value="false"/>
        </loc:field>
        <loc:field type="TEXT" default-value="" id="city" label="City">
            <loc:appliesTo profile="true" registration="false"/>
            <loc:parameter param-name="Read-Only" value="false"/>
            <loc:parameter param-name="Required" value="false"/>
            <loc:parameter param-name="Unique ID Field" value="false"/>
            <loc:parameter param-name="Mask Log Values" value="false"/>
        </loc:field>
    </loc:fields>
    <loc:email-verification-config emailVerificationEnabled="true" verifyEmailTemplateName="message-template-email-ownership-verification.html" emailVerificationSentTemplateName="local.identity.email.verification.sent.html" emailVerificationSuccessTemplateName="local.identity.email.verification.success.html" emailVerificationErrorTemplateName="local.identity.email.verification.error.html" otlTimeToLive="1440" verificationEmailField="mail" verificationStatusField="employeeType"/>
    <loc:registration-config captchaEnabled="true" templateName="local.identity.registration.html"/>
    <loc:profile-config templateName="local.identity.profile.html" deleteIdentityEnabled="false"/>
    <loc:datastore-mapping>
        <loc:DataSource Description="" Type="LDAP" DataSourceId="LDAP-B0E3F2144BE069C5B28730A2F096BC3E67DAB16A">
            <urn:Parameter Name="create_pattern" Value="uid=${mail}" xmlns:urn="urn:sourceid.org:saml2:metadata-extension:v2"/>
            <urn:Parameter Name="search_base" Value="ou=identities,dc=anycompany,dc=org" xmlns:urn="urn:sourceid.org:saml2:metadata-extension:v2"/>
            <urn:Parameter Name="search_scope" Value="ONELEVEL_SCOPE" xmlns:urn="urn:sourceid.org:saml2:metadata-extension:v2"/>
            <urn:Parameter Name="object_class" Value="inetOrgPerson" xmlns:urn="urn:sourceid.org:saml2:metadata-extension:v2"/>
        </loc:DataSource>
        <loc:Attribute fieldName="st" datastore-field="st"/>
        <loc:Attribute fieldName="mail" datastore-field="mail"/>
        <loc:Attribute fieldName="anyCompanyOptIn" datastore-field="anycompanyOptIn"/>
        <loc:Attribute fieldName="city" datastore-field="l"/>
        <loc:Attribute fieldName="givenName" datastore-field="givenName"/>
        <loc:Attribute fieldName="postalCode" datastore-field="postalCode"/>
        <loc:Attribute fieldName="mobile" datastore-field="mobile"/>
        <loc:Attribute fieldName="dateOfBirth" datastore-field="pfBirthDate"/>
        <loc:Attribute fieldName="cn" datastore-field="cn"/>
        <loc:Attribute fieldName="employeeType" datastore-field="employeeType"/>
        <loc:Attribute fieldName="street" datastore-field="street"/>
        <loc:Attribute fieldName="businessCategory" datastore-field="businessCategory"/>
        <loc:Attribute fieldName="sn" datastore-field="sn"/>
    </loc:datastore-mapping>
</loc:localIdentity>